Frase	Grupo	Palavra Em Destaque No Grupo	Palavras Frequentes No Grupo
Ol√°, gostaria de acompanhar on line os cursos da Professora Lucia Helena.	0	professora	helena,gostaria,lucia
Onde posso ver e ouvir os cursos da Prof.a Lucia Helena?	0	professora	helena,gostaria,lucia
Gostaria muito de participar  do curso , que a professora Lucia  Helena  vai dar , sobre os cl√°ssicos  indianos?	0	professora	helena,gostaria,lucia
Ol√°! Por favor gostaria de informa√ß√µes sobre palestras da Prof Lucia Helena	0	professora	helena,gostaria,lucia
Ol√°! Acabei de assistir a uma palestra da Prof. Lucia Helena Galv√£o no YouTube, gostei e comprei um Plano anual via QR CODE, como acesso?	0	professora	helena,gostaria,lucia
Gostaria de saber qual editor do Caibalion que a professora Lucia prefere pois quero comprar e tb o que tem os coment√°rios dela.	0	professora	helena,gostaria,lucia
Assim que possivel, gostaria de informa√ß√µes sobre o Curso de Filosofia √† Maneira Cl√°ssica e cursos com a Professora Lucia Helena	0	professora	helena,gostaria,lucia
Ol√°! Gostaria de comprar o curso da professora Helena  da filosofia indiana. O tempo para pagamento da minha inscri√ß√£o acabou e nao me consigo inscrever de novo.	0	professora	helena,gostaria,lucia
Gostaria de saber quais unidade do Df est√£o iniciando turma? E se em algum a professora Lucia Helena d√° aula?	0	professora	helena,gostaria,lucia
Ol√°, Helena! Sou seguidora da Maria Helena Galv√£o. As suas aulas s√£o simplesmente geniais. Gostaria de participar de uma aula ao vivo. √â poss√≠vel?	0	professora	helena,gostaria,lucia
Comprei o curso atrav√©s de um v√≠deo que vi no YouTube com a L√∫cia Helena. Gostaria de confirmar primeiro, antes de abrir atrav√©s da mensagem que recebi por e-mail.	0	professora	helena,gostaria,lucia
Ol√°! Gostaria de saber sobre cursos on-line com a professora Lucia Helena Galv√£o.	0	professora	helena,gostaria,lucia
Ontem comprei o curso atrav√©s de um v√≠deo que vi no YouTube com a L√∫cia Helena. Gostaria de confirmar primeiro antes de abrir atrav√©s da mensagem que recebi por e-mail.	0	professora	helena,gostaria,lucia
Meu nome √© Judite e desejo saber sobre o novo curso da professora  Lucia Helena Galv√£o.	0	professora	helena,gostaria,lucia
Ol√°! Ainda est√° acontecendo um curso sobre o ramayana  com  palestras extras da prof Lucia?	0	professora	helena,gostaria,lucia
Gostaria de uma an√°lise desse material pela professora Lucia Helena . Gratid√£o üôè.	0	professora	helena,gostaria,lucia
Gostaria de informa√ß√µes referente ao curso com a professora Helena e sobre voluntariado. Muito obrigado.	0	professora	helena,gostaria,lucia
Sim estou acompanhando a prof L√∫cia Helena Galv√£o e estou muito feliz com o aprendizado ,obrigada	0	professora	helena,gostaria,lucia
Ol√°!Meu nome e Cristiane Lopes e tenho interesse de fazer cursos com vcs .Sou de Cerqueira C√©sar /sp .	0	professora	helena,gostaria,lucia
Assisti o v√≠deo da professora Lucia Helena com o Am√©rico / editora Polar e gostaria muito de comprar os dois livros indicado por eles.	0	professora	helena,gostaria,lucia
Cursos com a professora L√∫cia Helena, online	0	professora	helena,gostaria,lucia
Este watssap √© da Profa. L√∫cia Helena? Como fa√ßo para fazer curso com ela. Estou vendo agora , o Caibalion. Estou amando. Queria informa√ßoes sobre os cursos. Grata.	0	professora	helena,gostaria,lucia
Meu nome √© Lilian e gostaria de saber sobre cursos online que voc√™s oferecem.	0	professora	helena,gostaria,lucia
Fiz tudo o que vc prop√¥s no endereco sugerido e nao tive resposta	1	ainda	nao,resposta,agora
At√©  agora nao obtive nenhuma resposta.	1	ainda	nao,resposta,agora
Ainda n√£o me atenderam por isso n√£o posso opininar sobre grau de satisfa√ß√£o	1	ainda	nao,resposta,agora
Porque nao recebo nada vosso? Maria clara  e estou	1	ainda	nao,resposta,agora
At√©  agora nada	1	ainda	nao,resposta,agora
O tempo de  responder que pode melhorar mas achei excelente a ideia de colaboradores estarem respondendo e foi objetivo	1	ainda	nao,resposta,agora
Ainda n√£o sei.	1	ainda	nao,resposta,agora
Policiais federais civis e militares invadiram o congresso nacional hoje e descobriram um grande golpe que vai ser dado em todos os brasileiros e, a m√≠dia ficou caladinha	2	previd√™ncia	vai,todos,grande
Mobiliza√ß√£o em Bras√≠lia contra a PEC da previd√™ncia	2	previd√™ncia	vai,todos,grande
R$6 milh√µes, √© o valor que vai receber cada deputado que votar pela Reforma da Previd√™ncia que corta a aposentadoria dos pensionista do INSS, v√£o declarar fal√™ncia pois o dinheiro vai ser usado para outros fins ir√£o culpar a pandemia e o presidente BOLSONARO depois do Brasil entrar em caos, Est√£o querendo tirar o zap do ar pra que essa mensagem n√£o viralize at√© eles tomarem uma providencia! VAMOS VIRALIZAR! MANDE PRA TODOS SEUS CONTATOS!	2	previd√™ncia	vai,todos,grande
A Globo est√° tentando esconder a todo custo, mas o zap vai divulgando...	2	previd√™ncia	vai,todos,grande
Estou enviando como recebi, o STF vai quebrar os cofres p√∫blicos s√≥ para atingir o presidente! Not√≠cia vazada da intelig√™ncia de uma das for√ßas pol√≠cias de investiga√ß√£o! Os aposentados ter√£o seus sal√°rios cortados por um tempo e todos os pensionistas do Brasil , fiquem atentos !!!!	2	previd√™ncia	vai,todos,grande
Deixo tamb√©m aqui registrado *meu grande apre√ßo pelo ex-presidente Lula, pela ex-presidente Dilma, pelo ex-ministro Guido Mantega e por todos os integrantes do Partido dos Trabalhadores*. 	2	previd√™ncia	vai,todos,grande
Curso  online a dist√¢ncia	3	curso	curso,online,dist√¢ncia
Curso	3	curso	curso,online,dist√¢ncia
Curso nova acr√≥pole	3	curso	curso,online,dist√¢ncia
Cursos online	3	curso	curso,online,dist√¢ncia
Qual pr√≥ximo passo..	3	curso	curso,online,dist√¢ncia
Ensino a distancia	3	curso	curso,online,dist√¢ncia
Estudos in√≠cio	3	curso	curso,online,dist√¢ncia
Inscri√ß√£o curso	3	curso	curso,online,dist√¢ncia
Curso	3	curso	curso,online,dist√¢ncia
Curso de orat√≥ria	3	curso	curso,online,dist√¢ncia
Dias do curso;	3	curso	curso,online,dist√¢ncia
Curso que explica o Cabalion	3	curso	curso,online,dist√¢ncia
BYE,  BYE,  OT√ÅRIOS. BRASILEIROS.	4	brasileiros	brasileiros,bye,ot√°rios
*‚Äú PREZADOS BRASILEIROS CLIENTES* e *AMIGOS :*	4	brasileiros	brasileiros,bye,ot√°rios
*AOS BRASILEIROS CRENTES* e *HONESTOS, FIQUEM* com *DEUS*, pois *SOMENTE ELE MESMO* para *SALV√Å-LOS.*	4	brasileiros	brasileiros,bye,ot√°rios
*‚Äú  O expert  ‚Äù*	4	brasileiros	brasileiros,bye,ot√°rios
*PARTICIPE DO SORTEIO*	4	brasileiros	brasileiros,bye,ot√°rios
Gostar√≠amos de agradecer a *voc√™, inocente eleitor* do *Partido* dos *Trabalhadores*, que *indiretamente ajudou um simples a√ßougueiro do interior de Goi√°s a se tornar dono do maior grupo de alimentos de origem animal do mundo, em menos de 8 anos.*	5	agradecer	bndes,grupo,ter
*Sem voc√™s jamais ter√≠amos conseguido um financiamento de 8 bilh√µes de reais do BNDES, com juros m√≥dicos,* mas que *n√£o pagamos porque o BNDES concordou em transformar a d√≠vida em a√ß√µes do GRUPO JBS* no *BRASIL.*	5	agradecer	bndes,grupo,ter
N√£o poderia deixar tamb√©m de lembrar do *amigo* e *talentoso ator Tony Ramos, que topou participar da nossa campanha publicit√°ria, emprestando sua imagem de reputa√ß√£o indiscutivelmente confi√°vel.*	5	agradecer	bndes,grupo,ter
Por fim, *agradecemos aos Ministros do Supremo Tribunal Federal,* por ter evitado que *nossa empresa* e seus *propriet√°rios fossem criminalizados* por *crimes contra o uso* de *dinheiro p√∫blico* do *BNDES* em *empr√©stimos milion√°rios, mesmo n√£o estando aptos*, pela *falta* de *Certid√µes Negativas* de *D√©bitos Fiscais Federais, Trabalhistas* e *outras.*	5	agradecer	bndes,grupo,ter
poxa, logo voc√™s que tanto falam sobre n√£o ser corrompido, n√£o ter medo...	5	agradecer	bndes,grupo,ter
Ol√°	6	ol√°	ol√°,helena,elzide
Ol√°! Sou a Elzide 	6	ol√°	ol√°,helena,elzide
Ol√°!	6	ol√°	ol√°,helena,elzide
Ol√°! Me chamo Cesar.	6	ol√°	ol√°,helena,elzide
Sucesso!	6	ol√°	ol√°,helena,elzide
Ol√°!	6	ol√°	ol√°,helena,elzide
Ol√°!	6	ol√°	ol√°,helena,elzide
Ol√°! Helena 	6	ol√°	ol√°,helena,elzide
Ol√°!	6	ol√°	ol√°,helena,elzide
Ol√°	6	ol√°	ol√°,helena,elzide
Ol√°!	6	ol√°	ol√°,helena,elzide
Ol√°!	6	ol√°	ol√°,helena,elzide
Ol√°!	6	ol√°	ol√°,helena,elzide
Ol√°!	6	ol√°	ol√°,helena,elzide
Ol√°!	6	ol√°	ol√°,helena,elzide
 Oi...	6	ol√°	ol√°,helena,elzide
Ol√°!	6	ol√°	ol√°,helena,elzide
Ol√°!	6	ol√°	ol√°,helena,elzide
Serguianos, sauda√ß√µes!	6	ol√°	ol√°,helena,elzide
Tchau	6	ol√°	ol√°,helena,elzide
Ol√°!	6	ol√°	ol√°,helena,elzide
Ola	6	ol√°	ol√°,helena,elzide
Ol√°!	6	ol√°	ol√°,helena,elzide
Oiiii	6	ol√°	ol√°,helena,elzide
Ol√°!	6	ol√°	ol√°,helena,elzide
Ol√°!	6	ol√°	ol√°,helena,elzide
Ol√°!	6	ol√°	ol√°,helena,elzide
Ol√° Player üî•	6	ol√°	ol√°,helena,elzide
Ol√°! Sou selma	6	ol√°	ol√°,helena,elzide
Ol√° IBest.	6	ol√°	ol√°,helena,elzide
Ol√°!	6	ol√°	ol√°,helena,elzide
Ol√°	6	ol√°	ol√°,helena,elzide
Ol√°!	6	ol√°	ol√°,helena,elzide
Ol√°..	6	ol√°	ol√°,helena,elzide
Ol√°!	6	ol√°	ol√°,helena,elzide
Bia tarde!	6	ol√°	ol√°,helena,elzide
Ol√°! Helena!	6	ol√°	ol√°,helena,elzide
Ol√°!	6	ol√°	ol√°,helena,elzide
Tenho disponibilidade nos hor√°rios das 17 - 20 horas segundas e quintas.	7	hor√°rios	horas,hor√°rios,dia
Tamb√©m pela manh√£ as ter√ßas e quartas .	7	hor√°rios	horas,hor√°rios,dia
Dias e hor√°rios das aulas tamb√©m, por favor.	7	hor√°rios	horas,hor√°rios,dia
Nossa inten√ß√£o √© uma palestra de 01h no dia 15/12/21, entre 16 e 18 horas.	7	hor√°rios	horas,hor√°rios,dia
Tempo de dura√ß√£o de todo curso e horas por dia;	7	hor√°rios	horas,hor√°rios,dia
Eu pretendo fazer pe√ßas ou ver pe√ßa teatral Helena blavastsky,  poderia me ajudar	8	teatral	pe√ßa,helena,teatral
Pe√ßa  teatral Helena blavastsky	8	teatral	pe√ßa,helena,teatral
Se eu moro en El Salvador, a hora do teatro qual seria?	8	teatral	pe√ßa,helena,teatral
√â que acabei de assistir a pe√ßa e a Profa Lucia Helena falou depois no bate papo que o texto da pe√ßa estava dispon√≠vel para quem quisesse acessar mas eu n√£o consegui registraram o local. Vcs poderiam me indicar, por cortesia?	8	teatral	pe√ßa,helena,teatral
- Quantos fil√≥sofos h√° na Nova Acr√≥pole?	9	fil√≥sofos	quantos,fil√≥sofos,nova
- Quantos fil√≥sofos h√° na Nova Acr√≥pole?	9	fil√≥sofos	quantos,fil√≥sofos,nova
Pode parecer loucura mas S√≥crates n√£o morreu e foi clonado?	9	fil√≥sofos	quantos,fil√≥sofos,nova
- Quantos s√£o brancos?	10	brancos	quantos,brancos,negros
- Quantos s√£o negros?	10	brancos	quantos,brancos,negros
- Quantos s√£o brancos?	10	brancos	quantos,brancos,negros
- Quantos s√£o negros?	10	brancos	quantos,brancos,negros
- Dentre os citados voc√™s podem destacar um fil√≥sofo e sua contribui√ß√£o intelectual ou a√ß√£o propriamente dita?	11	fil√≥sofo	dentre,citados,podem
- Dentre os citados voc√™s podem destacar um fil√≥sofo e sua contribui√ß√£o intelectual ou a√ß√£o propriamente dita?	11	fil√≥sofo	dentre,citados,podem
Podemos pensar em participa√ß√µes dos idealizadores da editora ou mesmo dos pr√≥prios autores.	11	fil√≥sofo	dentre,citados,podem
Imgino vc fazendo uma apresenta√ß√£o desta natureza sobre Fernando Pessoa / Alberto Caeiro!	11	fil√≥sofo	dentre,citados,podem
Os temas das suas palestras s√£o sensacionais; voc√™ consegue, com maestria, fazer desfilar as ideias dos grandes pensadores de forma muito prazerosa e facilitadora.. Parab√©ns pela miss√£o.!üôèüèªüåπ	11	fil√≥sofo	dentre,citados,podem
Ficarei muito agradecido se obtiver uma resposta. Caso n√£o seja poss√≠vel sou muito grato pela Nova Acr√≥pole de qualquer forma.	12	nova	nova,acr√≥pole,ficarei
Ficarei muito agradecido se obtiver uma resposta. Caso n√£o seja poss√≠vel sou muito grato pela Nova Acr√≥pole de qualquer forma.	12	nova	nova,acr√≥pole,ficarei
acompanho a Nova Acr√≥pole pelo youtube h√° algum tempo e jamais imaginei que tem uma em THE.	12	nova	nova,acr√≥pole,ficarei
Eu perguntei s Nova Acr√≥pole h√° duas semanas e ainda ningu√©m respondeu üëÜüèªüëáüèª	12	nova	nova,acr√≥pole,ficarei
Ol√° boa noite. Meu nome √© Valter e sou estudante de filosofia.  Estou fazendo um trabalho que consiste em uma pesquisa na regi√£o onde moro. Se voc√™s puderem me responder ficarei muito grato. As perguntas s√£o:	13	ol√°	ol√°,boa,noite
Ol√° boa noite. Meu nome √© Valter e sou estudante de filosofia.  Estou fazendo um trabalho que consiste em uma pesquisa na regi√£o onde moro. Se voc√™s puderem me responder ficarei muito grato. As perguntas s√£o:	13	ol√°	ol√°,boa,noite
- Destes quantos s√£o homens e quantos s√£o mulheres?	14	mulheres	quantos,destes,homens
- Destes quantos s√£o homens e quantos s√£o mulheres?	14	mulheres	quantos,destes,homens
- H√° ind√≠genas?	15	ind√≠genas	ind√≠genas,representado,deus
- H√° ind√≠genas?	15	ind√≠genas	ind√≠genas,representado,deus
Como era representado a Deus no mito da cria√ß√£o pelos √≠ndios de dess√¢na?	15	ind√≠genas	ind√≠genas,representado,deus
- Dentre estes h√° algu√©m que de alguma forma se sente perseguido por algum tipo de preconceito?	16	alguma	dentre,algu√©m,alguma
- Dentre estes h√° algu√©m que de alguma forma se sente perseguido por algum tipo de preconceito?	16	alguma	dentre,algu√©m,alguma
1, 2, 3, 5, 6, 7, 8, 9, 10, 11, 13, 15	17	transmita	transmita
Transmita para 13	17	transmita	transmita
1-2-6-7-8-9-10-11-13	17	transmita	transmita
Aguardo contato.	18	aguardo	aguardo,contato,pretendo
Aguardo	18	aguardo	aguardo,contato,pretendo
Pretendo assistir	18	aguardo	aguardo,contato,pretendo
A minha express√£o 	18	aguardo	aguardo,contato,pretendo
Grata pela aten√ßao	18	aguardo	aguardo,contato,pretendo
Quero	18	aguardo	aguardo,contato,pretendo
No aguardo	18	aguardo	aguardo,contato,pretendo
Aguardo informa√ß√µes	18	aguardo	aguardo,contato,pretendo
No aguardo.	18	aguardo	aguardo,contato,pretendo
Fico no aguardo.	18	aguardo	aguardo,contato,pretendo
Maria Teresa	19	maria	maria,mg,teresa
Rosacruz....ma√ßonaria...teosofia	19	maria	maria,mg,teresa
Luciana	19	maria	maria,mg,teresa
Cristiane MG	19	maria	maria,mg,teresa
Ana Marcia Minete	19	maria	maria,mg,teresa
Ester MG	19	maria	maria,mg,teresa
Shirley - Mato Grosso	19	maria	maria,mg,teresa
Maria	19	maria	maria,mg,teresa
Tudo bem? 	20	bem	tudo,bem,bom
Bom di	20	bem	tudo,bem,bom
Ol√°, tudo bem?	20	bem	tudo,bem,bom
Ol√°! tudo bem?	20	bem	tudo,bem,bom
Tudo bom?	20	bem	tudo,bem,bom
Ol√°, tudo bem? 	20	bem	tudo,bem,bom
Oi professora como est√°?	20	bem	tudo,bem,bom
Ta bom	20	bem	tudo,bem,bom
Ol√°! Como voc√™ est√°?	20	bem	tudo,bem,bom
Tudo bem?üòÉ	20	bem	tudo,bem,bom
TD bem? 	20	bem	tudo,bem,bom
Tudo certo! Obrigada.	20	bem	tudo,bem,bom
Como esta?	20	bem	tudo,bem,bom
Bem haja!	20	bem	tudo,bem,bom
Tudo de bom para si. 	20	bem	tudo,bem,bom
?	21	pergunta	obgada,fant√°stico,pergunta
.	21	pergunta	obgada,fant√°stico,pergunta
?	21	pergunta	obgada,fant√°stico,pergunta
?	21	pergunta	obgada,fant√°stico,pergunta
At√©	21	pergunta	obgada,fant√°stico,pergunta
Obgada	21	pergunta	obgada,fant√°stico,pergunta
Fant√°stico. 	21	pergunta	obgada,fant√°stico,pergunta
‚ò∫Ô∏è	21	pergunta	obgada,fant√°stico,pergunta
pergunta:	21	pergunta	obgada,fant√°stico,pergunta
????????????	21	pergunta	obgada,fant√°stico,pergunta
.	21	pergunta	obgada,fant√°stico,pergunta
Que TRISTEZA!	21	pergunta	obgada,fant√°stico,pergunta
e @giselegracieimperial 	21	pergunta	obgada,fant√°stico,pergunta
l√≥gico	21	pergunta	obgada,fant√°stico,pergunta
Que material vou receber	22	conte√∫do	divulga√ß√£o,conte√∫do,material
Divulga√ß√£o de conte√∫do	22	conte√∫do	divulga√ß√£o,conte√∫do,material
Divulga√ß√£o	22	conte√∫do	divulga√ß√£o,conte√∫do,material
Lament√°vel üò≥ o lado bom √© que o conte√∫do √© √≥timo ü•∞	22	conte√∫do	divulga√ß√£o,conte√∫do,material
Sou assinante e n√£o estou conseguindo encontrar alguns conte√∫dos	22	conte√∫do	divulga√ß√£o,conte√∫do,material
Palestra	23	palestra	palestra,hoje,palestras
Palestra	23	palestra	palestra,hoje,palestras
Palestras	23	palestra	palestra,hoje,palestras
Palestra de hoje	23	palestra	palestra,hoje,palestras
Palestra dos Ess√™nios	23	palestra	palestra,hoje,palestras
Palestra	23	palestra	palestra,hoje,palestras
Palestra de hoje	23	palestra	palestra,hoje,palestras
Gostaria de saber se existe programa√ß√£o aberta ao p√∫blico..?	24	previs√£o	previs√£o,curso,alguma
Tem previs√£o do curso de orat√≥ria?	24	previs√£o	previs√£o,curso,alguma
Tem previs√£o pra data do in√≠cio do curso Habilidades para vida pra jovens, no lago sul?	24	previs√£o	previs√£o,curso,alguma
Ol√°! Gostaria de saber sobre a sede na cidade de Caruaru, tem alguma previs√£o?	24	previs√£o	previs√£o,curso,alguma
Informa√ß√µes sobre o curso de orat√≥ria de voc√™s?	24	previs√£o	previs√£o,curso,alguma
Existe previs√£o para uma sede no estado de Sergipe?	24	previs√£o	previs√£o,curso,alguma
Alguma previs√£o de escola em Bauru/SP?	24	previs√£o	previs√£o,curso,alguma
Os cursos est√£o indispon√≠veis para venda. Alguma previs√£o?	24	previs√£o	previs√£o,curso,alguma
Meu nome √© K√°tia Belickas.	25	chamo	nome,chamo,ol√°
Meu nome √© Helena	25	chamo	nome,chamo,ol√°
Me chamo Gorete	25	chamo	nome,chamo,ol√°
Meu nome √© janaina	25	chamo	nome,chamo,ol√°
Juliana	25	chamo	nome,chamo,ol√°
Giulia Aguiar	25	chamo	nome,chamo,ol√°
Meu nome	25	chamo	nome,chamo,ol√°
Me chamo Ros√¢ngela Pereira Pitrez	25	chamo	nome,chamo,ol√°
Ol√°! Me chamo Simone. 	25	chamo	nome,chamo,ol√°
Ol√°! meu nome √© Jos√©, gostaria de algumas informa√ß√µes.	25	chamo	nome,chamo,ol√°
Meu nome √© Viviane 	25	chamo	nome,chamo,ol√°
Meu nome √© Angeline. Cidade: Aracaju, estado se Sergipe	25	chamo	nome,chamo,ol√°
Meu nome √© Maira	25	chamo	nome,chamo,ol√°
Meu nome √© Flor	25	chamo	nome,chamo,ol√°
Moro  planalto o meu nome √© gani	25	chamo	nome,chamo,ol√°
Se tiver vontade ou√ßa üí•‚ú®ü™êüí´üåª	26	ou√ßa	vontade,ou√ßa,conhe√ßa
Conhe√ßa os Pacotes que s√≥ a Neo Sound Grava√ß√µes pode Oferecer pra Vc 	26	ou√ßa	vontade,ou√ßa,conhe√ßa
Se voc√™ quiser posso parar com isso	26	ou√ßa	vontade,ou√ßa,conhe√ßa
Ol√°! Helena! Gostaria de saber mais informa√ß√µes sobre o curso presencial.  Poderia fazer em.Botafogo mas preciso saber dia e hor√°rio	27	cursos	gostaria,saber,sobre
Ol√°. Eu gostaria de saber sobre cursos e palestras presenciais em Ribeir√£o Preto. Obrigado.	27	cursos	gostaria,saber,sobre
Cursos e palestras em Ribeir√£o Preto	27	cursos	gostaria,saber,sobre
Ol√°! Bom dia. Eu gostaria de saber sobre cursos e palestras presenciais em Ribeir√£o Preto.  Obrigado.	27	cursos	gostaria,saber,sobre
N√£o h√° ningu√©m para me dar informa√ß√µes sobre curso em Ribeir√£o Preto?	27	cursos	gostaria,saber,sobre
Meu nome √© Antonio e gostaria de saber se tem alguma programa√ß√£o de palestra presencial para hoje √† noite. N√£o consegui identificar nenhuma no site!!	27	cursos	gostaria,saber,sobre
Ol√°! Gostaria de saber sobre datas de curso presencial em Recife.	27	cursos	gostaria,saber,sobre
E quero informa√ß√µes sobre os cursos oferecidos na unidade de Ponta Negra, Natal	27	cursos	gostaria,saber,sobre
Ol√°!td bem? Sou Anamaria e gostaria de informa√ß√µes de como funcionam os cursos.  Sou de Santos e tenho interesse de frequentar as aulas presenciais.	27	cursos	gostaria,saber,sobre
Quais livros de cabeceira...pra rasgar os v√©us	28	livros	livro,livros,onde
Consigo comprar o livro Tebas?	28	livros	livro,livros,onde
Como posso comprar este livro?	28	livros	livro,livros,onde
Como posso adquiri o livro......	28	livros	livro,livros,onde
Onde encontro o texto Fenomenos Parapsicologicos da prova DELIA?	28	livros	livro,livros,onde
O livro sobre as almas g√™meas, onde posso compr√°-lo ?	28	livros	livro,livros,onde
Se j√° onde comprar.	28	livros	livro,livros,onde
ser√° q se eu ler o livro vou ter mais facilidade pra entender?	28	livros	livro,livros,onde
Como fa√ßo adquirir o livro ra√≠zes da viol√™ncia.	28	livros	livro,livros,onde
Como fa√ßo pra adquirir o livro? Como superar	28	livros	livro,livros,onde
Onde compro o livros	28	livros	livro,livros,onde
Compra de livros da editora Polar	28	livros	livro,livros,onde
Preciso de 10 mil seguidores no Instagram para vender meus livros por l√°. Me segue l√°! @giselegracie  	28	livros	livro,livros,onde
Ver dentro e fora	29	dentro	dentro,ver,conhecer
Conhecer o local dentro e fora	29	dentro	dentro,ver,conhecer
Limites internos	29	dentro	dentro,ver,conhecer
Interior	29	dentro	dentro,ver,conhecer
Crian√ßa pode ir √† palestra?	30	palestra	palestra,hoje,ol√°
Ol√°! tem palestra hoje?	30	palestra	palestra,hoje,ol√°
Ol√°! Temos palestra hoje?	30	palestra	palestra,hoje,ol√°
Haver√° palestra hoje presencial	30	palestra	palestra,hoje,ol√°
Ol√°! Ainda tem ingresso da obra de HPB?	30	palestra	palestra,hoje,ol√°
Tem alguma turma come√ßando por agora ?	30	palestra	palestra,hoje,ol√°
No s√°bado tem atendimento presencial  ?	30	palestra	palestra,hoje,ol√°
A palestra de hoje s√≥ √© para os iniciantes do curso?	30	palestra	palestra,hoje,ol√°
Tem turmas iniciando no Guar√°?	30	palestra	palestra,hoje,ol√°
*Obrigado tamb√©m* aos *FUNDOS* de *PENS√ÉO* da *PETROS* e da *CEF*, que *injetaram* mais *3 BILH√ïES* de *REAIS* na nossa *humilde companhia.*	31	obrigado	obrigado,fundos,pens√£o
Para vc tamb√©m.	31	obrigado	obrigado,fundos,pens√£o
Para voc√™, tamb√©m	31	obrigado	obrigado,fundos,pens√£o
Sa√∫de e for√ßa pra voc√™ e teus amores. 	31	obrigado	obrigado,fundos,pens√£o
Turma virtual	32	virtual	virtual,turma,assitente
assitente virtual, q pena, deixa pra la...	32	virtual	virtual,turma,assitente
Vit√≥ria ES ou Vila Velha	32	virtual	virtual,turma,assitente
Perfeito,....como √© dif√≠cil conhecer a n√≥s mesmos....mas estou me observando e tenho certeza....que vou melhor....üôèüåª	33	encontrei	vou,encontrei,perfeito
J√° encontrei	33	encontrei	vou,encontrei,perfeito
J√° realizei	33	encontrei	vou,encontrei,perfeito
Vou tentar encontrar	33	encontrei	vou,encontrei,perfeito
Consegui	33	encontrei	vou,encontrei,perfeito
Mas estava viajando	33	encontrei	vou,encontrei,perfeito
Que bom ter te encontrado	33	encontrei	vou,encontrei,perfeito
Sou Ramat√≠s Pesquisador Desenvolvimentista	33	encontrei	vou,encontrei,perfeito
penso que encontrei o que eu queria	33	encontrei	vou,encontrei,perfeito
Ol√°! Helena estou amado os v√≠deos da professora Lucia Helena	34	helena	helena,sobre,ol√°
Ol√°! Estou asistiendo videos de Lucia Helena Galaviz e estou adorando. C√≥mo posso me aprossimar mas. Sou argentina e sou advogada.	34	helena	helena,sobre,ol√°
Ol√°! Eu estava ouvindo a professora ana Maria portando tive que desligar agora n√£o acho mais no YouTube os v√≠deos dela	34	helena	helena,sobre,ol√°
Meu nome √© Nilo. Tenho 64 anos e resido em Santa Maria (RS). Sou seguidor do canal no YouTube. Atualmente estou acompanhando as palestras da professora Lucia Helena, da qual sou admirador, sobre o livro Caibalion.	34	helena	helena,sobre,ol√°
Eu sou um f√£ de Luciana Helena. 	34	helena	helena,sobre,ol√°
Helena, n√≥s, serguianos, ficar√≠amos honrados com a Sua apresenta√ß√£o e explica√ß√£o de nossa doutrina. Confira, por favor! Forte abra√ßo!	34	helena	helena,sobre,ol√°
Amo voc√™ L√∫cia Helena,  um dia quero ter a honra de participar de uma palestra sua	34	helena	helena,sobre,ol√°
Ontem recebi de uma amiga esta preciosidade que √™ seu video sobre Saint--Exup√©ry. Bel√≠ssimo! Igualmente bel√≠ssima √© sua fala, seu sorriso, sua luz!	34	helena	helena,sobre,ol√°
quero o video completo sobre generosidade	34	helena	helena,sobre,ol√°
9- cursos com a Profa L√∫cia Helena	34	helena	helena,sobre,ol√°
Sou √âlia , adoro a prof L√∫cia Helena e todas as palestras	34	helena	helena,sobre,ol√°
Conhe√ßo um pouco atrav√©s do YouTube e assisto as palestras de L√∫cia Helena	34	helena	helena,sobre,ol√°
Ol√° Helena! A agrade√ßo o texto sobre o SOL. Tenha uma boa 3a feira com Sa√∫de √© Paz! Renatta	34	helena	helena,sobre,ol√°
Meu nome √© Eliana; j√° faz algum tempo tempo que acompanho as palestras da nova acr√≥pole(via youtube)...principalmente da Lucia Helena!	34	helena	helena,sobre,ol√°
Estou subscrita no canal Nova Acr√≥polis, tem sido muito gratificante no meu d√≠a a d√≠a aplicar os ensinamentos que venho recebendo. Sou fan n√∫mero da Prof.Lucia Helena. 	34	helena	helena,sobre,ol√°
Estou ouvindo a Helena sobre a Voz do Sil√™ncio, da sua xar√°, Helena Blavatiski. Estou encantada.	34	helena	helena,sobre,ol√°
Preciso de sua ajuda	35	ajuda	ajuda,preciso,dirijo
A quem me dirijo...	35	ajuda	ajuda,preciso,dirijo
Oi pessoal por favor responde!!!!	35	ajuda	ajuda,preciso,dirijo
Pe√ßo ajuda.	35	ajuda	ajuda,preciso,dirijo
Vou resolvendo	35	ajuda	ajuda,preciso,dirijo
6. Gostaria de receber os vossos artigos filos√≥ficos	36	filosofia	filosofia,curso,interesse
Gostaria de iniciar curso de filosofia com voc√™s.	36	filosofia	filosofia,curso,interesse
Tenho interesse no curso de filosofia.  Pode ser em Curitiba ou S√£o Jos√© dos Pinhais ,Pr. Pode me passar√° as datas . Gratid√£o	36	filosofia	filosofia,curso,interesse
üåπoi bom dia , eu quero participar do curso de filosofia , j√° sigo o seu canal h√°  um bom tempo	36	filosofia	filosofia,curso,interesse
Estou entrando em contato por causa do Curso de Filosofia (soube atrav√©s do canal no YouTube)	36	filosofia	filosofia,curso,interesse
Sim estou interessada no curso de Filosofia	36	filosofia	filosofia,curso,interesse
Tenho interesse no curso de filosofia	36	filosofia	filosofia,curso,interesse
Amo esse mundo amo a Filosofia de vida inspiradora	36	filosofia	filosofia,curso,interesse
Tenho interesse no curso Curso de Filosofia √† Maneira Cl√°ssica	36	filosofia	filosofia,curso,interesse
Estava no site buscando por curso de filosofia	36	filosofia	filosofia,curso,interesse
Import√¢ncia dos mitos e da Filosofia	36	filosofia	filosofia,curso,interesse
Ol√°! Sou liziane e quero fazer o curso de filosofia	36	filosofia	filosofia,curso,interesse
Ol√°!tenho vontade de fazer o curso de filosofia ,moro em porto alegre,tenho assistido seus v√≠deos e estou aprendendo muito com voc√™ ,obrigada por existir e tornar o mundo melhor	36	filosofia	filosofia,curso,interesse
Tenho interesse na turma de novembro	36	filosofia	filosofia,curso,interesse
Eu iniciei os estudos da filosofia na unicap aqui em Recife, e por motivos financeiros tive de deixar o curso para depois.	36	filosofia	filosofia,curso,interesse
Assistir das p√≠lulas da filosofia cl√°ssica	36	filosofia	filosofia,curso,interesse
Agora mesmo tentei ver as p√≠lulas que professora LHG falou que antecipariam √† inicia√ß√£o da filosofia cl√°ssica e n√£o soube	36	filosofia	filosofia,curso,interesse
Sou a Ana Paula e tenho interesse no curso de Filosofia a Maneira Cl√°ssica.	36	filosofia	filosofia,curso,interesse
Curso de filosofia! Estou em Pindamonhangaba/SP! 	36	filosofia	filosofia,curso,interesse
Ol√°! Boa noite, tenho interesse em fazer o curso de filosofia.	36	filosofia	filosofia,curso,interesse
Sempre estudei filosofia! Mudou muito minha vida depois que conheci a nova acr√≥pole!!	36	filosofia	filosofia,curso,interesse
Quer um Comercial como esse Pra Sua Empresa‚ùì‚ùì	37	comercial	pra,comercial,com√©rcio
Pronto Pra Alavancar o Seu Com√©rcio, Tornando ele bem mais Visto, e Trazer mais e mais Clientes ‚ùì	37	comercial	pra,comercial,com√©rcio
N√£o Espere as Coisas Melhorarem Pra Fazer um divulga√ß√£o da Sua Empresa.	37	comercial	pra,comercial,com√©rcio
Fa√ßa as Coisas Melhorarem fazendo um Comercial a N√≠vel de Televis√£o.	37	comercial	pra,comercial,com√©rcio
e Para seu Com√©rcio.	37	comercial	pra,comercial,com√©rcio
Ser√°  quevc pode verificar isso p mim, por favor?	38	informa√ß√µes	pode,favor,informa√ß√µes
Divulguem, o m√°ximo que puderem n√£o podemos ficar parados!!!	38	informa√ß√µes	pode,favor,informa√ß√µes
Ol√°! Gostaria de mais informa√ß√µes,  por favor	38	informa√ß√µes	pode,favor,informa√ß√µes
pode nos passar mais informa√ß√µes?	38	informa√ß√µes	pode,favor,informa√ß√µes
N√£o captei a informa√ß√£o  acima	38	informa√ß√µes	pode,favor,informa√ß√µes
Posso pegar l√° de novo ? Moro perto	38	informa√ß√µes	pode,favor,informa√ß√µes
Livro como desenvolver o car√°cter	39	livro	livro,desenvolver,car√°cter
Livros	39	livro	livro,desenvolver,car√°cter
Livro como superar	39	livro	livro,desenvolver,car√°cter
Livro o aroma de lotus	39	livro	livro,desenvolver,car√°cter
Livro	39	livro	livro,desenvolver,car√°cter
Tentei me cadastrar	40	inscrito	tentei,cadastrar,online
Online	40	inscrito	tentei,cadastrar,online
Inscrito	40	inscrito	tentei,cadastrar,online
A pr√©-inscri√ß√£o	40	inscrito	tentei,cadastrar,online
Ingresso	40	inscrito	tentei,cadastrar,online
Atendimento	40	inscrito	tentei,cadastrar,online
Cancelar assinatura	40	inscrito	tentei,cadastrar,online
Me ajuda por favor  n√£o  aparece  a op√ß√£o  canselar pra mim	41	consigo	acessar,curso,consigo
Consigo aula presencial...	41	consigo	acessar,curso,consigo
N√£o consegui acessar o link do curso a arte de viver. N√£o localizei	41	consigo	acessar,curso,consigo
No dia eu acesso o site!?	41	consigo	acessar,curso,consigo
N√£o consigo acessar o curso	41	consigo	acessar,curso,consigo
Acessar o curso	41	consigo	acessar,curso,consigo
Ol√° Helena eu comprei curso mas n√£o consigo acessar	41	consigo	acessar,curso,consigo
N√£o consigo pagar	41	consigo	acessar,curso,consigo
E n√£o consegui enviar o comprovante a tempo	41	consigo	acessar,curso,consigo
N√£o sei dar os passos necess√°rios.	41	consigo	acessar,curso,consigo
Como fa√ßo para acessar o curso de administra√ß√£o do tempo que comprei. Perdi a senha e o e-mail com o link. Preciso de ajuda para recuperar	41	consigo	acessar,curso,consigo
A partir de agora estaremos atendendo em nossa nova *SEDE*, nos *EUA*. 	42	agora	agora,partir,estaremos
Pelo contr√°rio, esse √© o momento certo.	42	agora	agora,partir,estaremos
N√£o √© para agora √© pra quando surgir.	42	agora	agora,partir,estaremos
Agora em setembro.	42	agora	agora,partir,estaremos
Boa noite, 	43	ol√°	boa,ol√°,noite
Ol√°!Boa Noite	43	ol√°	boa,ol√°,noite
Ol√°, boa noite!	43	ol√°	boa,ol√°,noite
Gosto de ouvir n madrugada s	43	ol√°	boa,ol√°,noite
Ol√°! Boa tarde. 	43	ol√°	boa,ol√°,noite
Ol√°! Boa noite	43	ol√°	boa,ol√°,noite
Ol√°! Boa tarde. 	43	ol√°	boa,ol√°,noite
Ol√°!. Boa tarde	43	ol√°	boa,ol√°,noite
Ol√°! Boa noite 	43	ol√°	boa,ol√°,noite
Ol√°, boa noite.	43	ol√°	boa,ol√°,noite
Ola Boa tarde 	43	ol√°	boa,ol√°,noite
Hola boa tarde üåπ	43	ol√°	boa,ol√°,noite
Ol√°, L√∫cia , boa tarde!	43	ol√°	boa,ol√°,noite
Temos 4 projetos aprovados na Lei de Incentivo √† Cultura, Lei 8.313/91.	44	aprovados	lei,projetos,aprovados
Temos 5 projetos aprovados na Lei do ISS, Rio de Janeiro, Lei 5.553/2013.	44	aprovados	lei,projetos,aprovados
3 espet√°culos de teatroPRONAC N¬∫ 202108 - BRINCANDO DE RETALHOS, primeira inf√¢ncia, in√©ditoPRONAC N¬∫ 202524 - BULLYING, pode ser realizado com atores locais, 18¬™ temporada	45	temporada	temporada,n¬∫,espet√°culos
PRONAC N¬∫ 201978 - SUPER A√á√ÉO, improviso, 9¬™ temporada	45	temporada	temporada,n¬∫,espet√°culos
3 espet√°culos de teatroWEC56/01/2021¬†- BRINCANDO DE RETALHOS, primeira inf√¢ncia, in√©ditoWEC81/01/2020¬†- BULLYING, 18¬™ temporada	45	temporada	temporada,n¬∫,espet√°culos
WEC84/01/2020¬†- SUPER A√á√ÉO, improviso, 9¬™ temporada	45	temporada	temporada,n¬∫,espet√°culos
1 OficinaWEC738/01/2021¬†- ARTE PARA TODOS, oficinas de teatro, canto e dan√ßa	45	temporada	temporada,n¬∫,espet√°culos
Cuidamos da divulga√ß√£o da SOMOS LIVROS, editora que acaba de chegar ao mercado com a proposta de compartilhar ideias, propor reflex√µes e despertar para novas vis√µes de mundo.  	46	editora	livros,distribui√ß√£o,cuidamos
1 LiteraturaPRONAC N¬∫ 202078 - Distribui√ß√£o de livros pelo pa√≠s	46	editora	livros,distribui√ß√£o,cuidamos
1 LiteraturaWEC42/01/2020¬†- A√á√ÉO LITER√ÅRIA, distribui√ß√£o de livros pelo Rio de Janeiro, 4¬™ edi√ß√£o	46	editora	livros,distribui√ß√£o,cuidamos
Seria a cabala... hermetismo...alquimia...geometria Sagrada...universalismo	47	tarot	curso,tarot,cabala
Curso de tarot eg√≠pcio, esot√©rico. ‚ú®	47	tarot	curso,tarot,cabala
Curso de tarot.	47	tarot	curso,tarot,cabala
Voces tem algum curso de iniciacao ao esoterismo	47	tarot	curso,tarot,cabala
Despertar para arte de viver como fa√ßo para assistir a aula.	48	despertar	viver,despertar,arte
Hoje, acho que me dou por satisfeito, vou ficando sem o que pensar, tipo na paz, sem inspira√ß√£o, e vou dormir e sonhar o que quiser sem ferir a mim ou algu√©m. Quando o sono volta como combust√≠vel para viver a vida. E estou achando t√£o estranho querer dormir a noite para s√≥ eu poder imaginar outras coisas belas, profundas e (estatuante), acho que inventei um estado modo de com essa palavra, tipo de boca aberta pelo que posso imaginar.	48	despertar	viver,despertar,arte
Ol√°! procuro a palestra do despertar para a arte de viver	48	despertar	viver,despertar,arte
Por acaso h√° possibilidade de assistir a palestra dos Ess√™nios que foi transmitida dia 27/08 pelo zoom?	49	possibilidade	assistir,palestra,acaso
Por acaso h√° possibilidade de assistir a palestra dos Ess√™nios que foi transmitida dia 27/08 pelo zoom?	49	possibilidade	assistir,palestra,acaso
Ol√°! Gostaria de assistir a palestra de hoje, 10 set. Ainda √© poss√≠vel?	49	possibilidade	assistir,palestra,acaso
Assistir live hoje	50	assistir	assistir,dia,palestra
No dia da  palestra eu estava trabalhando e n√£o consegui assistir...e gostaria muito de ter assistido!	50	assistir	assistir,dia,palestra
No dia da  palestra eu estava trabalhando e n√£o consegui assistir...e gostaria muito de ter assistido!	50	assistir	assistir,dia,palestra
Estou tentando assistir a palestra do dia, por√©m n√£o recebi o link	50	assistir	assistir,dia,palestra
tenho uma pergunta e crit√©rio de explicar o uno e diabolo... e muita admira√ß√£o !	51	diabolo	pergunta,crit√©rio,explicar
tenho uma pergunta e crit√©rio de explicar o uno e diabolo... e muita admira√ß√£o !	51	diabolo	pergunta,crit√©rio,explicar
Onde √© a sede mais pr√≥xima da minha casa?	52	sede	sede,vcs,onde
Vcs tem sede em Macei√≥	52	sede	sede,vcs,onde
Vcs t√™m alguma unidade em Petrolina	52	sede	sede,vcs,onde
Eu estou em um lugar onde n√£o tem uma unidade e quero saber se algo mudou desde a √∫ltima vez que nos falamos.	52	sede	sede,vcs,onde
Quero saber se na minha cidade tem sede de vcs	52	sede	sede,vcs,onde
No meu caso, moro no interior de SP aonde n√£o existe nenhuma filial	52	sede	sede,vcs,onde
Em An√°polis, GO n√£o tem uma sede?	52	sede	sede,vcs,onde
Acr√≥pole mais perto da minha cidade	53	aqui	moro,aqui,acr√≥pole
Estou em Inglaterra	53	aqui	moro,aqui,acr√≥pole
Ol√°!estou no bairro	53	aqui	moro,aqui,acr√≥pole
Entendo! Novamente achei q estava falando com algu√©m de minha regi√£o	53	aqui	moro,aqui,acr√≥pole
Eu moro em Teres√≥polis	53	aqui	moro,aqui,acr√≥pole
Oi! Aqui √© o Luiz, da Nova Acr√≥pole de Foz do Igua√ßu!	53	aqui	moro,aqui,acr√≥pole
Aqui em Dourados MS	53	aqui	moro,aqui,acr√≥pole
Moro na Lagoa da Concei√ß√£o em Florianopolis	53	aqui	moro,aqui,acr√≥pole
Fiz para BOTAFOGO.	53	aqui	moro,aqui,acr√≥pole
Moro em Jarinu, pr√≥ximo a Campo Limpo Paulista em SP.	53	aqui	moro,aqui,acr√≥pole
Aqui Telmo Kottwitz	53	aqui	moro,aqui,acr√≥pole
Sou de Cascavel Paran√°	53	aqui	moro,aqui,acr√≥pole
GOI√ÅS.  A cidade: AN√ÅPOLIS.	53	aqui	moro,aqui,acr√≥pole
Gostaria de me inscrever para a Palestra	54	inscri√ß√£o	gostaria,palestra,inscri√ß√£o
Ol√°!j√° fiz minha inscri√ß√£o 	54	inscri√ß√£o	gostaria,palestra,inscri√ß√£o
A grande maioria gostam de serem auto suficiente foram programadas para um mundo de competi√ß√£o	54	inscri√ß√£o	gostaria,palestra,inscri√ß√£o
Gostaria de confirma minha inscri√ß√£o na palestra de hoje	54	inscri√ß√£o	gostaria,palestra,inscri√ß√£o
Confirmar matr√≠cula.	54	inscri√ß√£o	gostaria,palestra,inscri√ß√£o
Eu cheguei a fazer o pix pra come√ßar na turma de outubro	54	inscri√ß√£o	gostaria,palestra,inscri√ß√£o
Como disse C√≠cero:  Certifica-te de que √©s fator de soma na vida daqueles de que participas.	54	inscri√ß√£o	gostaria,palestra,inscri√ß√£o
Gostaria de confirmar a aula hoje	54	inscri√ß√£o	gostaria,palestra,inscri√ß√£o
Promo√ß√£o v√°lida de 01/09/2021 at√© 29/09/2021	54	inscri√ß√£o	gostaria,palestra,inscri√ß√£o
https://www.acropolebrasil.com.br/inscricao.html?eventoId=13174	54	inscri√ß√£o	gostaria,palestra,inscri√ß√£o
Ingresso para amanh√£	54	inscri√ß√£o	gostaria,palestra,inscri√ß√£o
Helena shalom.	55	helena	helena,shalom,livro
Helena shalom.	55	helena	helena,shalom,livro
Livro de L√∫cia Helena.	55	helena	helena,shalom,livro
Harlem Costa	55	helena	helena,shalom,livro
Ingressos para Helena blavastiks	55	helena	helena,shalom,livro
Ol√°!Tomei conhecimento sobre voc√™s, atrav√©s de uma palestra sobre Kaliu Gibram.E gostei muito.	56	mendel	sobre,nome,mendel
Meu nome √© Mendel Kahan e eu fiz o curso de voces aqui em Israel, onde eu moro.	56	mendel	sobre,nome,mendel
Meu nome √© Mendel Kahan e eu fiz o curso de voces aqui em Israel, onde eu moro.	56	mendel	sobre,nome,mendel
Vou dar 1 aula agora. Posso fazer contacto as 10hs?	57	contato	contato,poderia,rececer
Eu poderia rececer o contato dela ou seu what's up.?	57	contato	contato,poderia,rececer
Eu poderia rececer o contato dela ou seu what's up.?	57	contato	contato,poderia,rececer
Podes ler minha mensagem acima?	57	contato	contato,poderia,rececer
Alguma pessoa pode entrar em contato comigo?	57	contato	contato,poderia,rececer
Vc tem curso de inicia√ß√£o a Filosofia Classica?	58	filosofia	filosofia,curso,ol√°
Gostaria de Saber de Voc√™s  v√£o  lan√ßar CURSO DE FILOSOFIA  ON LINE ?	58	filosofia	filosofia,curso,ol√°
Gostaria de saber se tem e em qual unidade tem curso de filosofia para adolescentes (13/14 anos) e se tem curso de teatro para essa faixa et√°ria	58	filosofia	filosofia,curso,ol√°
Ol√°!Helena gostaria de saber mais,aprender sobre filosofia. Vc tem cursos on line?	58	filosofia	filosofia,curso,ol√°
Tem alguma possibilidade on line?  Alguma novidade em rela√ß√£o a isso?	58	filosofia	filosofia,curso,ol√°
Ola bom dia! O curso de filosofia tem em Campinas Sp? Ou alguma unidade que possa ser feito online?	58	filosofia	filosofia,curso,ol√°
Ol√°! Meu nome √© Francisca gostaria de saber se voc√™s oferecem cursos de filosofia online. Obrigada	58	filosofia	filosofia,curso,ol√°
Por favor, queria saber se h√° algum curso de filosofia on line?	58	filosofia	filosofia,curso,ol√°
Ol√°! Boa noite. Gostaria de saber se voc√™ tem um Curr√≠culo Lattes ou se tem trabalhos acad√™micos publicados em peri√≥dicos do CAPES sobre Filosofia???	58	filosofia	filosofia,curso,ol√°
Ol√°! Boa noite. Gostaria de saber se voc√™ tem um Curr√≠culo Lattes ou se tem trabalhos acad√™micos publicados em peri√≥dicos do CAPES sobre Filosofia???	58	filosofia	filosofia,curso,ol√°
Ol√°! Boa noite professora, gosto muito das suas palestras elas colaboram para o meu engrandecimento espiritual, tenho aprendido muito, assisto √†s  suas palestras, e sou muito grato pelos seus ensinamentos. Gostaria de fazer o  curso de filosofia da Nova acropole mais na minha cidade Nova Friburgo n√£o tem nenhum.Tem como fazer pela Internet ? Muito grato	58	filosofia	filosofia,curso,ol√°
Ol√°! Boa tarde, tudo bem? Moradores de Luzimangues podem participar do curso de filosofia que inicia hoje?	58	filosofia	filosofia,curso,ol√°
H√° lista de espera para o curso de filosofia em fortaleza?	58	filosofia	filosofia,curso,ol√°
Ol√°! Bom dia! Gostaria de saber se √©poss√≠vel fazer o curso de filosofia online.	58	filosofia	filosofia,curso,ol√°
Ol√°! Existe o curso de filosofia online? Moro em Timb√≥ Santa Catarina	58	filosofia	filosofia,curso,ol√°
Ol√°. Boa tarde. Gostaria de saber se teremos o curso de filosofia on-line. N√£o moro no Brasil.	58	filosofia	filosofia,curso,ol√°
Ol√°! Bom dia! Gostaria de saber como posso ser aluna deste curso de filosofia completo? Se as aulas ser√£o online ou presencial, valor, dias e hor√°rios???	58	filosofia	filosofia,curso,ol√°
Ol√°! Quando vai abrir uma turma de filosofia online?	58	filosofia	filosofia,curso,ol√°
Ol√°! Gostaria de saber se voc√™s tem algum curso sobre matem√°tica espiritual , obrigada.	58	filosofia	filosofia,curso,ol√°
Ol√°! Gostaria de saber se √© poss√≠vel realizar o curso de filosofia de forma online?	58	filosofia	filosofia,curso,ol√°
Ol√°! Moro em caraguatatuba, gostaria de saber se tem curso na minha cidade	59	escola	gostaria,saber,escola
Gostaria de saber se a sede no centro de Florian√≥polis tem atendimento presencial e qual hor√°rio, obrigada.	59	escola	gostaria,saber,escola
O in√≠cio seria as escolas iniciaticas	59	escola	gostaria,saber,escola
Ol√°! Boa tarde. Gostaria de uma informa√ß√£o. Existe turmas N2 aos s√°bados na sede do lago Norte. Ou √†s segundas feiras?! Se puder me ajudar. Estou procurando adequar meus hor√°rios para n√£o desistir do estudo. Muito obrigada.  Meu nome √© Elizabeth.	59	escola	gostaria,saber,escola
Ol√°! Tudo bemm? Gostaria de saber os endere√ßos da escola na cidade de SP	59	escola	gostaria,saber,escola
Gostaria de saber se tem escola em Florian√≥polis /SC	59	escola	gostaria,saber,escola
Gostaria de saber se em Sevilla Es,  tem alguma escola da Nova Acr√≥polis,  quero estudar com voc√™s, sou brasilera e vivo aqu√≠ a 20 anos.  	59	escola	gostaria,saber,escola
Cidades com escola no  RS	59	escola	gostaria,saber,escola
Pagar anuidade.üòá	60	pagamento	pagamento,inscri√ß√£o,pagar
Inscri√ß√£o e pagamento efetuados.	60	pagamento	pagamento,inscri√ß√£o,pagar
J√° efetuei inscri√ß√£o e pagamento.	60	pagamento	pagamento,inscri√ß√£o,pagar
Pagamento de boleto	60	pagamento	pagamento,inscri√ß√£o,pagar
Ola, gostaria de obter informa√ß√µes sobre o curso de filosofia da Nova Acr√≥pole. Agrade√ßo	61	filosofia	filosofia,curso,gostaria
Saber valor do curso de filosofia	61	filosofia	filosofia,curso,gostaria
Ol√°! boa noite, gostraria de saber mais sobre o curso de filosofia classica na tijuca	61	filosofia	filosofia,curso,gostaria
Eu gostaria de saber valores do curso de Filosifia a maneira cl√°ssica da sede de S√£o Caetano do Sul.	61	filosofia	filosofia,curso,gostaria
Acabei de fazer minha pr√©-inscri√ß√£o para o curso de filosofia cl√°ssica. O curso come√ßa dia 25/11, j√° pago agora pelo pix ?	61	filosofia	filosofia,curso,gostaria
Informa√ß√µes sobre curso filosofia cl√°ssica em sp	61	filosofia	filosofia,curso,gostaria
Preciso que me ajudem a elaborar um tema sobre o hermetismo e teosofia.	61	filosofia	filosofia,curso,gostaria
Gostaria de saber se ainda consigo me inscrever para o curso de filosofia a maneira cl√°ssica, turma de fortaleza.	61	filosofia	filosofia,curso,gostaria
Gostaria de informa√ß√µes a respeito do Curso de Filosofia.	61	filosofia	filosofia,curso,gostaria
Poderia me informar o valor do curso de Filosofia?	61	filosofia	filosofia,curso,gostaria
Eu e mais duas amigas queremos fazer o curso de filosofia? Qdo vai come√ßar a nova turma?	61	filosofia	filosofia,curso,gostaria
Qual o valor do curso de filosofia de vcs?	61	filosofia	filosofia,curso,gostaria
Quais estudos para expans√£o da consci√™ncia	61	filosofia	filosofia,curso,gostaria
Preciso saber se o curso de filosofia em fortaleza inicia amanh√£	61	filosofia	filosofia,curso,gostaria
O cursos de filosofia √© so presencial?	61	filosofia	filosofia,curso,gostaria
Ol√° boa noite, gostaria de saber como fa√ßo para estudar filosofia com voc√™s, obrigado	61	filosofia	filosofia,curso,gostaria
Gostaria de informa√ß√µes sobre o Curso de Filosofia a Maneira Cl√°ssica!	61	filosofia	filosofia,curso,gostaria
quero informa√ß√µes sobre o curso de filosofia..	61	filosofia	filosofia,curso,gostaria
gostaria de melhores informa√ß√µers sobre o curso de filosofia..	61	filosofia	filosofia,curso,gostaria
Ol√°! gostaria de saber se j√° est√£o ministrando o curso de filosofia em mogi das cruzes	61	filosofia	filosofia,curso,gostaria
Como fa√ßo o curso de filosofia?	61	filosofia	filosofia,curso,gostaria
Para quer que a filosofia diz n√£o?	61	filosofia	filosofia,curso,gostaria
Voc√™ pode me dizer, em quer, que  a filosofia diz n√£o?	61	filosofia	filosofia,curso,gostaria
gostaria de saber como funciona o curso de filosofia.	61	filosofia	filosofia,curso,gostaria
Ol√°! Meu nome √© Ellyete. Gostaria de saber a programacao para o curso de Filosofia na escola da Barra da Tijuca. Grata!	61	filosofia	filosofia,curso,gostaria
Ol√°! Quero saber informa√ß√µes a respeito de curso de filosofia...	61	filosofia	filosofia,curso,gostaria
Ol√°! Informa√ß√µes sobre o curso Filosofia Cl√°ssica na sede do Lago Norte	61	filosofia	filosofia,curso,gostaria
Ol√°! Est√° acontecendo o Curso de Filosofia √† Maneira Cl√°ssica?	61	filosofia	filosofia,curso,gostaria
Gostaria de saber sobre o curso de filosofia	61	filosofia	filosofia,curso,gostaria
Ol√°! As aulas do curso de filosofia podem ser assistidas de acordo com os hor√°rios demisponiveis dos alunos ou temos de assistir no hor√°rio de transmiss√£o? E quais os hor√°rios de transmiss√£o,  se for a √∫nica op√ß√£o?	61	filosofia	filosofia,curso,gostaria
Ol√° Bom Dia!Gostaria de saber informa√ßoƒìs sobre o curso de Filosofia.OBRIGADO..	61	filosofia	filosofia,curso,gostaria
O curso de *Filosofia* √© na modalidade *Licenciatura?*	61	filosofia	filosofia,curso,gostaria
Gostaria de informa√ß√µes sobre o curso filosofia indiana	61	filosofia	filosofia,curso,gostaria
Meu nome √© Roberta, gostaria de mais informa√ß√µes referente ao curso de filosofia. Muito obrigado.	61	filosofia	filosofia,curso,gostaria
Gostaria de saber sobre o curso de filosofia ‚Ä¶	61	filosofia	filosofia,curso,gostaria
Tenho interesse no curso de filosofia, gostaria de saber como funciona?	61	filosofia	filosofia,curso,gostaria
Gostaria de saber como fa√ßo para participar do curso de Filosofia pela Internet	61	filosofia	filosofia,curso,gostaria
Gostaria de saber sobre as novas turmas e inscricoes pro curso de filosofia para criancas.	61	filosofia	filosofia,curso,gostaria
Tenho interesse en fazer o curso de filosofia, gostaria eu saber se √© poss√≠vel e como funciona. Sou de Jundia√≠, interior de S√£o Paulo	61	filosofia	filosofia,curso,gostaria
Gostaria de informa√ß√µes sobre o curso de filosofia	61	filosofia	filosofia,curso,gostaria
Quero saber sobre o curso de Filosofia √† maneira Cl√°ssica	61	filosofia	filosofia,curso,gostaria
Ol√° quero fazer o curso filosofia √† maneira Cl√°ssica 	61	filosofia	filosofia,curso,gostaria
Gostaria de saber, o pr√≥ximo curso de Filosofia na sede de Botafogo?	61	filosofia	filosofia,curso,gostaria
Ol√°! Boa tarde! Gostaria de saber se o curso de filosofia est√° com inscri√ß√£o aberta? Gostei tamb√©m dos programas para crian√ßas e adolescentes, pois tenho filhos nessa idade. Enfim gostaria de receber informa√ß√µes. Grata Cassia Bernardino	61	filosofia	filosofia,curso,gostaria
Quero saber do curso de filosofia a maneira cl√°ssica em Araguaina.	61	filosofia	filosofia,curso,gostaria
Gostaria de saber mais sobre os cursos de filosofia	61	filosofia	filosofia,curso,gostaria
Ol√°! Gostaria de saber sobre a degusta√ß√£o de filosofia da Lucia	61	filosofia	filosofia,curso,gostaria
Ol√°! Como √© feita a inscri√ß√£o para o curso de filosofia? 	61	filosofia	filosofia,curso,gostaria
Meu nome √© Luciana. Estou interessada no curso de filosofia. Quando ser√° a pr√≥xima turma no Lago Norte?	61	filosofia	filosofia,curso,gostaria
Como eu posso iniciar o curso de filosofia	61	filosofia	filosofia,curso,gostaria
Ol√°! Boa noite! Eu gostaria de informa√ß√µes do curso de filosofia da unidade de Recife. Voc√™ tem o telefone?	61	filosofia	filosofia,curso,gostaria
absolutamente nada sobre Paulo Freire?	61	filosofia	filosofia,curso,gostaria
Como posso ingressar no curso de filosofia	61	filosofia	filosofia,curso,gostaria
Ol√°! Eu gostaria de mais informa√ß√µes sobre o curso de filosofia. Obrigada	61	filosofia	filosofia,curso,gostaria
Gostaria de saber sobre o curso de Estoicismo...	61	filosofia	filosofia,curso,gostaria
Gostaria de saber sobre o curso de filosofia no rj	61	filosofia	filosofia,curso,gostaria
Ol√°! Gostaria de ibter informa√ß√µes sobre o curso de filosofia	61	filosofia	filosofia,curso,gostaria
Ol√°! Boa noite. Informa√ß√µes sobre o curso de filosofia a dist√¢ncia. Obrigado Sandro	61	filosofia	filosofia,curso,gostaria
Ok gostaria de saber mais sobre Hermetismo	61	filosofia	filosofia,curso,gostaria
Ol√°! Moro no interior do Estado do RJ. Gostaria de informa√ß√µes sobre esse curso de filosofia cl√°ssica.  Pre√ßo e se todas as aulas ser√£o presenciais.	61	filosofia	filosofia,curso,gostaria
Bom dia, aben√ßoada. Me chamo Aderivan Lima, sou professor e realizo palestras e trabalhos e consultoria educacional. Gostaria de saber algumas informa√ß√µes sobre o curso de Filosofia √† Maneira Cl√°ssica:	61	filosofia	filosofia,curso,gostaria
Ol√°! Bom dia. Tenho interesse em participar do curso de filosofia a maneira cl√°ssica. Como devo proceder?	61	filosofia	filosofia,curso,gostaria
Qual o valor degusta√ß√£o de filosofia?	61	filosofia	filosofia,curso,gostaria
Queria informa√ß√µes sobre os cursos para quem deseja iniciar estudos de filosofia	61	filosofia	filosofia,curso,gostaria
Sobre o curso de filosofia e o Janus	61	filosofia	filosofia,curso,gostaria
Gostaria de saber se voc√™s tem turma iniciando para o curso de filosofia aplicada no lago norte.	61	filosofia	filosofia,curso,gostaria
Ol√°! Qual o valor do curso filosofia a maneira cl√°ssica na sede de Taguatinga df?	61	filosofia	filosofia,curso,gostaria
Ol√°! Tudo na paz com vcs? Gostaria de endere√ßo em Vit√≥ria ES ou Vila Velha, para cursos de filosofia.	61	filosofia	filosofia,curso,gostaria
√â acad√™mico?	61	filosofia	filosofia,curso,gostaria
Gostaria de saber sobre o curso de filosofia a dist√¢ncia	61	filosofia	filosofia,curso,gostaria
Gostaria de fazer a inscri√ß√£o no curso de filosofia que vai ocorrer nos dias 8 e 9 de setembro em Palmas	61	filosofia	filosofia,curso,gostaria
Qual o valor do curso de fil√≥sofia?	61	filosofia	filosofia,curso,gostaria
Qual o valor do curso de filosofia?	61	filosofia	filosofia,curso,gostaria
Ol√°! Como funciona o curso de filosofia? √â atrav√©s de EAD?	61	filosofia	filosofia,curso,gostaria
Ol√°! Gostaria de informa√ß√£o sobre o curso Filosofia √† maneira cl√°ssica. Ele est√° sendo oferecido de forma virtual. H√° previs√£o de nova turma?	61	filosofia	filosofia,curso,gostaria
Como fazer um curso de filosofia com voc√™s?	61	filosofia	filosofia,curso,gostaria
Helena, me interesso em cursar o curdo de filosofia. √â presencial ou EAD? 	61	filosofia	filosofia,curso,gostaria
Gostaria de obter informa√ß√µes a respeito do curso de filosofia, ministrado por voc√™. 	61	filosofia	filosofia,curso,gostaria
Ol√°, tudo bem? Sou o Ramon, um amante dos estudos filos√≥ficos. Recentemente descobri a Nova Acr√≥pole atrav√©s de um conhecido e me senti bastante interessado pela institui√ß√£o. Gostaria de saber se seria poss√≠vel ajud√°-los na institui√ß√£o trabalhando como volunt√°rio; pois s√≥ de estar pr√≥ximo a um √¢mbito que trate da filosofia j√° seria de grande valia para mim. Muito obrigado pela aten√ß√£o.	62	filosofia	nova,fazer,tudo
O frio √© a aus√™ncia de calor, assim, como a escurid√£o? a aus√™ncia de luz? mesmo que por um instante, se tudo vai e volta ao p√≥, esse deve estar contido em algo maior, s√£o nas diferen√ßas que se reencontram as afinidades, nada pode ser absorvido. como humano, se n√£o atrav√©s da diferen√ßa, a unicidade s√≥ √© n√≠tida, temporal em espa√ßo, e mesmo assim question√°vel‚Ä¶ houvesse o tempo que tudo era considerado dual hoje vetorizamos.  Hoje a mais perfeita lei natural, se origina e eterniza no caos, somente percebemos pe√ßa do todo aquilo que em micro-cosmo, se reconhece igual, do cosmo at√© a fractaliza√ß√£o,  onde o infinito se torna cada vez menor revelando o maior‚Ä¶ E vice-versa? Propor√ß√£o, tempo? forma a universalidade do todo‚Ä¶como um velho conto, de 2 arqueiros, um olhava e dizia‚Ä¶ como √© grande esse drag√£o! como fazer? Outro ria, ele √© t√£o grande, que jamais, o pior de todos n√£o o acertaria! Tudo √© uma quest√£o de percep√ß√£o e valores, a impossibilidade de um era a vit√≥ria certeira do outro.	62	filosofia	nova,fazer,tudo
Ol√°. meu nome √© Lauro. Eu queria s√≥ fazer uma introdu√ß√£o antes da proposta porque acho importante. eu to com uma mentalidade de fazer tudo que est√° ao meu alcance para ajudar as pessoas e o planeta, eu estou inspirado pela hist√≥ria de Warren Buffet que √© um bilion√°rio que vai doar 99% da fortuna pra causas mundiais, nao sei como vou fazer ainda, minha cabe√ßa √© muito confusa, mas minha meta √© acumular o m√°ximo de riqueza na minha vida pra doar tamb√©m, usando de todo meu potencial, para tentar ou ajudar a curar alguma doen√ßa do mundo, ainda n√£o sei qual, afinal, nem sei se conseguirei acumular muito.  A priori, pensava em fazer uma holding no setor de engenharia civil e todas elas serem 100% sustent√°veis, pq j√° temos v√°rios meios para isso mas n√£o s√£o t√£o disseminados. To fazendo v√°rios cursos pra me aprimorar e voltei a estudar filosofia, parei num v√≠deo da nova acr√≥pole por acidente e me apaixonei, meu lazer virou ver as palestras da ilustr√≠ssima prof L√∫cia Helena Galv√£o, at√© compartilhei no instagram e vi uma certa resist√™ncia nas pessoas em admitir que gostam de filosofia ( mesmo sendo super interessadas), a√≠ me lembrei que em uma das aulas de marketing, falaram sobre criar uma p√°gina alternativa de cortes, tipo cortes flow e tamb√©m usam no meio dos games, com o mesmo conte√∫do, ganha-se 2x; as pessoas que acham as palestras grande, assistem os cortes, come√ßam a se interessar mais, mandam cortes de impacto para amigos, que tamb√©m se interessam mais e assim a filosofia iria se espalhando mais e mais. Acho que a ordem das coisas hoje est√° muito automatizada e as pessoas nao pensam tanto sobre as coisas importantes da vida, o que deixa elas fracas e reflete no n√∫mero de suic√≠dios e depress√µes aumentando, a cura para isso √© a filosofia, depois que comecei a estudar estoicismo e filosofia minha vida teve uma perspectiva totalmente nova e queria que mais pessoas pudessem sentir o que eu senti. N√£o sei como funciona mas deve precisar de permiss√£o, e mesmo se n√£o precisasse, acho coerente pedir a autoriza√ß√£o de usar o conte√∫do de voc√™s para fazer os cortes, se acharem a ideia boa e quiserem usar dela, voc√™s mesmo, estarei satisfeito ajudando. obrigado pela aten√ß√£o, sou p√©ssimo em descrever meus pensamentos em palavras, mas √© isso.	62	filosofia	nova,fazer,tudo
Ol√°! Bom dia Professora L√∫cia Helena e a todos os colaboradores da Nova Acr√≥pole. O meu nome √© Magno Passos Garcia, tenho 44 anos. Eu falo de Lagoa Santa-MG, RM de BH. Registro, antes de tudo, minha profunda admira√ß√£o e respeito pelo trabalho de ilumina√ß√£o, doa√ß√£o e caridade desenvolvido pela institui√ß√£o. Existe uma cidade, vizinha de onde resido, e onde atualmente trabalho como servidor p√∫blico, chamada Vespasiano. Essa cidade possui bairros com os menores IDH's do Estado. A exemplo temos uma regi√£o de aglomerados chamada Morro Alto e Vila da F√© com quase 50.000 habitantes. Inclusive exer√ßo as minhas fun√ß√µes laborativas nesta comunidade, com a qual tenho um imenso carinho!!! Vejo que a principal car√™ncia ali √© a de cultura/conhecimento (elementar... eu me incluo nisso). A Nova Acr√≥pole teria interesse em abrir uma sede nesta comunidade? Neste caso, tendo a mim s√≥ como volunt√°rio desprovido de conhecimentos filos√≥ficos, mas sendo amante dos livros, j√° com certa bagagem na seara do voluntariado, e, por fim, sem pragmatismo, com vontade de fazer algo de verdadeiramente √∫til?	62	filosofia	nova,fazer,tudo
Ol√°! Bom dia Professora L√∫cia Helena e a todos os colaboradores da Nova Acr√≥pole. O meu nome √© Magno Passos Garcia, tenho 44 anos. Eu falo de Lagoa Santa-MG, RM de BH. Registro, antes de tudo, minha profunda admira√ß√£o e respeito pelo trabalho de ilumina√ß√£o, doa√ß√£o e caridade desenvolvido pela institui√ß√£o. Existe uma cidade, vizinha de onde resido, e onde atualmente trabalho como servidor p√∫blico, chamada Vespasiano. Essa cidade possui bairros com os menores IDH's do Estado. A exemplo temos uma regi√£o de aglomerados chamada Morro Alto e Vila da F√© com quase 50.000 habitantes. Inclusive exer√ßo as minhas fun√ß√µes laborativas nesta comunidade, com a qual tenho um imenso carinho!!! Vejo que a principal car√™ncia ali √© a de cultura/conhecimento (elementar... eu me incluo nisso). A Nova Acr√≥pole teria interesse em abrir uma sede nesta comunidade? Neste caso, tendo a mim s√≥ como volunt√°rio desprovido de conhecimentos filos√≥ficos, mas sendo amante dos livros, j√° com certa bagagem na seara do voluntariado, e, por fim, sem proselitismo, com vontade de fazer algo de verdadeiramente √∫til?	62	filosofia	nova,fazer,tudo
Bom dia, gostaria muito de agradecer todo aprendizado que venho absorvendo da Nova Acr√≥pole, mas tenho uma certa admira√ß√£o em especial pela prof. Lucia Helena. Outro dia pensei na possibilidade da prof. Lucia Helena entrevistar a minha companheira Karen Sato. Karen tem mestrado em epistemologia e vive as tradi√ß√µes orientais em sua vida de maneira pratica. O mestrado dela √© muito profundo e creio que a prof. Lucia poderia extrair √≥timo conte√∫do e atualmente Karen trabalha com promo√ß√£o da sa√∫de nas terapias tradicionais da √çndia, China e Jap√£o.	62	filosofia	nova,fazer,tudo
Curso pr√°ticas de psicologia	63	psicologia	pr√°ticas,psicologia,curso
Pr√°ticas psicologia	63	psicologia	pr√°ticas,psicologia,curso
Medita√ß√µes	63	psicologia	pr√°ticas,psicologia,curso
Condi√ß√£o humana e transdisciplinaridade	63	psicologia	pr√°ticas,psicologia,curso
Qual o valor do curso?	64	valor	valor,curso,valores
Datas e valores dos cursos	64	valor	valor,curso,valores
Valores do curso	64	valor	valor,curso,valores
Valor do curso	64	valor	valor,curso,valores
Valores	64	valor	valor,curso,valores
Valor do curso.	64	valor	valor,curso,valores
Valor mensalidade	64	valor	valor,curso,valores
Gostaria de manter esse contato para eventuais informa√ß√µes. Pe√ßo se poss√≠vel, a gentileza de informar o nome da m√∫sica que faz a abertura destas palestras, sobre o livro Caibalion. (15).	65	livro	gostaria,livro,ol√°
Ol√° bom dia  meu nome √© F√°bio gostaria de adquirir o livro Cabalion	65	livro	gostaria,livro,ol√°
Ol√° bom dia  meu nome √© F√°bio gostaria de adquirir o livro Cabalion	65	livro	gostaria,livro,ol√°
Ol√° bom dia. Gostaria de saber se j√° est√° dispon√≠vel o livro para entender o caibalion.	65	livro	gostaria,livro,ol√°
Ol√° , aonde encontro o livro da professora sobre o Cabalion? Tenho filhos de 14 anos e gostaria muito de comprar p eles e p mim	65	livro	gostaria,livro,ol√°
Parab√©ns pelo trabalhos desenvolvidos . 	66	parab√©ns	trabalho,parab√©ns,aqui
Que maravilha podermos falar por aqui. Fico muito grata. üôèüèºüíê	66	parab√©ns	trabalho,parab√©ns,aqui
Sou Lucas e moro aqui em Planaltina/DF, e acompanho voc√™ a um bom tempo. Um dia desses eu passei por sobradinho e vi a sede de voc√™s. Fiquei muito curioso para saber do trabalho realizado aqui em Bras√≠lia.	66	parab√©ns	trabalho,parab√©ns,aqui
Adoro o trabalho de voc√™s.	66	parab√©ns	trabalho,parab√©ns,aqui
Adoro o trabalho de voc√™s.	66	parab√©ns	trabalho,parab√©ns,aqui
Gosto muito do trabalho de voc√™s	66	parab√©ns	trabalho,parab√©ns,aqui
Ol√°! Trabalho muito incr√≠vel,  parab√©ns!	66	parab√©ns	trabalho,parab√©ns,aqui
PARAB√âNS, POR T√ÉO LINDO TRABALHO.	66	parab√©ns	trabalho,parab√©ns,aqui
Que honra poder aprender com voc√™s!!!	66	parab√©ns	trabalho,parab√©ns,aqui
Ol√°! Adoro as suas conversas.	66	parab√©ns	trabalho,parab√©ns,aqui
S√£o dois um √© Infanto juvenil?	67	juvenil	dois,infanto,juvenil
S√£o dois um √© Infanto juvenil?	67	juvenil	dois,infanto,juvenil
Voltar ao menu	68	retorno	retorno,aguardo,fico
Fico no aguardo de um retorno	68	retorno	retorno,aguardo,fico
Fico no aguardo de um retorno	68	retorno	retorno,aguardo,fico
Aguardo teu retorno. 	68	retorno	retorno,aguardo,fico
Estou aguardando o contato de vcs	68	retorno	retorno,aguardo,fico
No agurdo de seu prezado retorno, com amizade e admira√ß√£o,	68	retorno	retorno,aguardo,fico
Aguardo seu retorno Marcela	68	retorno	retorno,aguardo,fico
E o livro?	69	livro	livro,sobre,caibalion
Sobre o livro.	69	livro	livro,sobre,caibalion
E o livro: Como entender o Caibalion	69	livro	livro,sobre,caibalion
Livro coment√°rios ao caibalion	69	livro	livro,sobre,caibalion
Sobre o livro 	69	livro	livro,sobre,caibalion
O livro me interessa tambem	69	livro	livro,sobre,caibalion
Voc√™ √© meus olhos para o mundo 	70	mundo	mundo,surgimento,matrizes
Tenho um trabalho sobre o surgimento do mundo nas matrizes ind√≠genas mas nao acho em nenhum lugar	70	mundo	mundo,surgimento,matrizes
Surgimento do mundo matrizes ind√≠genas	70	mundo	mundo,surgimento,matrizes
Como funciona	71	curso	funciona,curso,volunatriado
Volunatriado e como funciona o curso	71	curso	funciona,curso,volunatriado
Como funciona.?	71	curso	funciona,curso,volunatriado
Como funciona o curso ? 	71	curso	funciona,curso,volunatriado
Quais as materias?	71	curso	funciona,curso,volunatriado
Qual √© o per√≠odo de curso?	71	curso	funciona,curso,volunatriado
Como funciona os cursos?	71	curso	funciona,curso,volunatriado
Qual valor?	72	quanto	quanto,custa,valor
Quanto custa?	72	quanto	quanto,custa,valor
Quanto custa? Carga hor√°ria? 	72	quanto	quanto,custa,valor
Dois dos lan√ßamentos da editora nesse primeiro ciclo s√£o os livros SER ESTOICO: ETERNO APRENDIZ, do pesquisador Ward Farnsworth, e O PEQUENO MANUAL ESTOICO, do jovem Jonas Salzgeber. Os livros dedicados aos fil√≥sofos est√≥icos Marco Aur√©lio e S√™neca trazem respostas pr√°ticas e objetivas para perguntas eternas: onde mora a felicidade? Como ser resiliente? Como enfrentar nossos medos? Como lidar com a certeza da morte? E como encontrar poesia e serenidade nos dias de hoje? 	73	livros	morte,livro,dois
Achamos que os dois t√≠tulos dialogam bastante com a proposta de voc√™s. Gostar√≠amos de saber se gostariam de receber um exemplar para avaliar as chances de pauta.	73	livros	morte,livro,dois
Ol√° L√∫cia Helena. Tudo bem? Espero que estejas bem. Ent√£o, sou ator, professor de teatro, dramaturgo, poeta e contista, aqui de Bras√≠lia. Sou muito admirador de sua obra e de suas palestras, na Nova Acr√≥pole. Estou lan√ßando meu 5¬∫ livro (contos) chamado ‚ÄúA morte manda lembran√ßa‚Äù.	73	livros	morte,livro,dois
E como o livro, tem um forte vi√©s sobre as v√°rias facetas da morte e uma grande tend√™ncia que provocam reflex√µes existencialistas e filos√≥ficas, queria saber se voc√™ teria interesse de ler, para, caso goste √© claro, escrever um pref√°cio. Seria uma grande honra e alegria pra mim. Enfim, se quiser e puder, me passa um e-mail que te envio uma c√≥pia da obra para que aprecies. O que achas ? 	73	livros	morte,livro,dois
Em algum momento dif√≠cil bastar-me-a ve--la e ouvi--la, haja luz! Vc √© uma pessoa mto aben√ßoada. Imagino atue no dia a dia com literatura, correto?	73	livros	morte,livro,dois
Aproveito a oportunidade para fazer--lhe uma indaga√ß√£o importante: acabei de concluir um livro, 180 p√°ginas, minha vida. Estou na fase das necess√°rias cr√≠ticas. Vc aceitaria le--lo? Enviaria o manuscrito pelo Correio.	73	livros	morte,livro,dois
Forte abra√ßo,	74	abra√ßo	abra√ßo,forte,grande
Abra√ßos Fraternos	74	abra√ßo	abra√ßo,forte,grande
Grande abra√ßo meu her√≥i	74	abra√ßo	abra√ßo,forte,grande
Abra√ßo	74	abra√ßo	abra√ßo,forte,grande
Abra√ßo	74	abra√ßo	abra√ßo,forte,grande
Abra√ßo üôèüòè	74	abra√ßo	abra√ßo,forte,grande
Um forte abra√ßo a todos que estao a servi√ßo de n√£o deixar o conhecimento desaparecer, a manter a chama acessa. üåπüíóüåπ	74	abra√ßo	abra√ßo,forte,grande
M√£o ‚úãüôÜ‚Äç‚ôÄÔ∏èüëêüôÖ‚Äç‚ôÄÔ∏è‚úã	74	abra√ßo	abra√ßo,forte,grande
Grande abra√ßo a todos!!	74	abra√ßo	abra√ßo,forte,grande
voc√™s tem estudo sobre o satanismo?	75	satanismo	sobre,satanismo,estudo
tem estudos sobre o satanismo?	75	satanismo	sobre,satanismo,estudo
Voc√™ teria artigos sobre a Juventude para indicar?	75	satanismo	sobre,satanismo,estudo
Posso levar uma crian√ßa de 06 anos para a palestra de *Tchaikovsky, o g√™nio dos bal√©s* no dia 06/11, em Fortaleza?	76	sobre	gostaria,saber,sobre
Ol√°! Qual √© a programa√ß√£o de palestras ou cursos na sede da ilha do gov. ?	76	sobre	gostaria,saber,sobre
Ol√°! Gostaria de saber sobre o curso T√°vola Redonda para meninos em √Åguas Claras. Meu filho tem 11 anos.	76	sobre	gostaria,saber,sobre
Ol√°! Gostaria de saber sobre o curso T√°vola Redonda para meninos em √Åguas Claras. Meu filho tem 11 anos.	76	sobre	gostaria,saber,sobre
Gostaria de saber mais sobre os programas Janos e Merlin. Tenho dois filhos de 11 e 14 anos.	76	sobre	gostaria,saber,sobre
Os curso para crian√ßa est√£o acontecendo?	76	sobre	gostaria,saber,sobre
Gostaria de saber sobre o curso pra crian√ßas	76	sobre	gostaria,saber,sobre
Ol√°! Gostaria de saber sobre valores para essa turma	76	sobre	gostaria,saber,sobre
Gostaria de saber sobre o programa infantil	76	sobre	gostaria,saber,sobre
Bom tarde	77	ol√°	dia,bom,ol√°
boa tarde!	77	ol√°	dia,bom,ol√°
Bom dia	77	ol√°	dia,bom,ol√°
Ol√°! Bom dia!	77	ol√°	dia,bom,ol√°
Ol√°!bom dia! 	77	ol√°	dia,bom,ol√°
√ìtimo dia	77	ol√°	dia,bom,ol√°
Prezada Natani, bom dia 	77	ol√°	dia,bom,ol√°
Bom dia Simplicia.	77	ol√°	dia,bom,ol√°
Boa tarde!	77	ol√°	dia,bom,ol√°
Ol√°, muito bom dia!	77	ol√°	dia,bom,ol√°
O Deus que est√° em mim, sa√∫da o Deus que est√° em voc√™ tenha um excelente dia	77	ol√°	dia,bom,ol√°
Ol√°! Bom dia!	77	ol√°	dia,bom,ol√°
Muito bom dia!!!	77	ol√°	dia,bom,ol√°
Muito  obrigada por tudo.	78	obrigada	obrigada,obrigado,ser
Obrigada 	78	obrigada	obrigada,obrigado,ser
Obrigado	78	obrigada	obrigada,obrigado,ser
Obrigado	78	obrigada	obrigada,obrigado,ser
obrigada!	78	obrigada	obrigada,obrigado,ser
Muito obrigado.	78	obrigada	obrigada,obrigado,ser
Muito obrigado.	78	obrigada	obrigada,obrigado,ser
Ok. Muito obrigada üôÇ	78	obrigada	obrigada,obrigado,ser
Obrigada	78	obrigada	obrigada,obrigado,ser
Obrigada	78	obrigada	obrigada,obrigado,ser
Obrigada	78	obrigada	obrigada,obrigado,ser
Desculpa	78	obrigada	obrigada,obrigado,ser
Obrigada pelas palavras de sabedoria que me fazem estar refletindo sobre como ser um ser mais justo, e assim sendo, mais humano.	78	obrigada	obrigada,obrigado,ser
Liguei nos dois n√∫meros pra obter informa√ß√µes e recebo a informa√ß√£o que n√£o existe.	79	telefone	telefone,n√∫mero,liguei
Tem outro n√∫mero?	79	telefone	telefone,n√∫mero,liguei
Se tem telefone dispon√≠vel.	79	telefone	telefone,n√∫mero,liguei
Whatsapp ou Liga√ß√£o	79	telefone	telefone,n√∫mero,liguei
Qual n√∫mero de telefone?	79	telefone	telefone,n√∫mero,liguei
Telefone Tijuca	79	telefone	telefone,n√∫mero,liguei
Oi e tem algum atendente de Cuririba dispon√≠vel? J√° vou voltar para l√°, obg	80	atendente	oi,algum,atendente
Oi e tem algum atendente de Cuririba dispon√≠vel? J√° vou voltar para l√°, obg	80	atendente	oi,algum,atendente
Conversei com as atendentes qdo fui pegar a gelatina , perto do super nosso castelo	80	atendente	oi,algum,atendente
H√° atendimento pedi√°trico?	80	atendente	oi,algum,atendente
Estou triste	81	agrade√ßo	gratid√£o,agrade√ßo,triste
Ai est√°  o recibo	81	agrade√ßo	gratid√£o,agrade√ßo,triste
gratid√£o üôèüèª	81	agrade√ßo	gratid√£o,agrade√ßo,triste
Sou grato aos teus canais e pela diversidade com todos os temas	81	agrade√ßo	gratid√£o,agrade√ßo,triste
Desde j√° agrade√ßo.	81	agrade√ßo	gratid√£o,agrade√ßo,triste
Eu agradeci	81	agrade√ßo	gratid√£o,agrade√ßo,triste
Parab√©ns.	81	agrade√ßo	gratid√£o,agrade√ßo,triste
Busco artigo referente a gratid√£o! Pode me ajudar?	81	agrade√ßo	gratid√£o,agrade√ßo,triste
agrade√ßo seu carinho e aten√ß√£o	81	agrade√ßo	gratid√£o,agrade√ßo,triste
Amo demais ela	81	agrade√ßo	gratid√£o,agrade√ßo,triste
Vou acessar o site	82	link	site,vou,acessar
O link n√£o funciona	82	link	site,vou,acessar
Num lugar com conex√£o ruim	82	link	site,vou,acessar
Est√° dando erro, o site	82	link	site,vou,acessar
Pelo que vi, em Aracaju, n√£o est√° funcionando	82	link	site,vou,acessar
Nem no site e nem no app	82	link	site,vou,acessar
Ol√°!gostaria de saber se haver√° turma nova de introdu√ß√£o √† filosofia na sede Botafogo, RJ,  aos s√°bados?	83	botafogo	botafogo,sede,filosofia
A nova acr√≥pole se botafogo encontra-se ativa?	83	botafogo	botafogo,sede,filosofia
Curso na sede de Botafogo.	83	botafogo	botafogo,sede,filosofia
Quero me inscrever no Ciurso de Filosofia. A sede de Botafogo est√° aberta?	83	botafogo	botafogo,sede,filosofia
Quero me inscrever no Ciurso de Filosofia. A sede de Botafogo est√° aberta?	83	botafogo	botafogo,sede,filosofia
Voc√™s tem cursos em modelo EAD	84	cursos	curso,cursos,ol√°
√â procedente a venda do curso as quatro ferramentas essenciais?	84	cursos	curso,cursos,ol√°
Quero saber se h√° esse curso on-line.	84	cursos	curso,cursos,ol√°
Tem o curso virtual?	84	cursos	curso,cursos,ol√°
Vc tem turmas virtuais?	84	cursos	curso,cursos,ol√°
Ol√°! Ol√° quais s√£o os cursos que voc√™s est√£o tendo	84	cursos	curso,cursos,ol√°
Vcs tem curso on-line	84	cursos	curso,cursos,ol√°
Boca tem curso on-line?	84	cursos	curso,cursos,ol√°
Ol√°! td bem? gostaria de saber se ha algum link com todos os cursos disponibilizados .	84	cursos	curso,cursos,ol√°
os cursos sao somente presenciais ?	84	cursos	curso,cursos,ol√°
Voc√™s tem curso on-line?	84	cursos	curso,cursos,ol√°
Ol√°! Tudo bem? Existe algum curso sem ser presencial?	84	cursos	curso,cursos,ol√°
Voc√™s  d√£o cursos online?	84	cursos	curso,cursos,ol√°
Ol√°! Gostaria de saber se os cursos s√£o EAD?	84	cursos	curso,cursos,ol√°
Vcs tem curso Historia das Religi√µes?	84	cursos	curso,cursos,ol√°
http://www.portalcurso.com.br/acesso/?u=TVRBek5EVTI=	84	cursos	curso,cursos,ol√°
Sou de Fortaleza. Est√° tendo algum curso presencial ?	84	cursos	curso,cursos,ol√°
Ol√°, vcs t√™m cursos online?	84	cursos	curso,cursos,ol√°
Vcs tem curso EAD	84	cursos	curso,cursos,ol√°
Existe algum curso presencial no guara df	84	cursos	curso,cursos,ol√°
Voc√™s est√£o com aulas presenciais?	84	cursos	curso,cursos,ol√°
ùëΩùíêùíÑùíÜÃÇùíî ùíÖùíäùíîùíëùíêùíèùíäùíÉùíäùíçùíäùíõùíÇùíé ùíê ùíÑùíñùíìùíîùíê ùíêùíèùíçùíäùíèùíÜ, ùíÇùíçùíÜÃÅùíé ùíÖùíê ùíéùíÇùíïùíÜùíìùíäùíÇùíç ùííùíñùíÜ ùíâùíÇÃÅ ùíèùíê ùíÄùíêùíñùëªùíñùíÉùíÜ?	84	cursos	curso,cursos,ol√°
Vcs est√£o tendo cursos/atividades presenciais?	84	cursos	curso,cursos,ol√°
Gostaria de saber se a Nova Acr√≥pole emite algum tipo de certifica√ß√£o dos cursos.	85	cursos	nova,cursos,gostaria
Quais cursos ter√£o em outubro?	85	cursos	nova,cursos,gostaria
Ol√°! Acabo de mudar para Campina Grande  e fiquei muito feliz ao saber da existencia de uma NOVA ACR√ìPOLE aqui.  Gostaria de saber sobre oficina, cursos e palestras, por favor. Obrigada	85	cursos	nova,cursos,gostaria
Vi uma publica√ß√£o,  acredito que antiga, ainda existe o curso pela nova acropole?	85	cursos	nova,cursos,gostaria
Eu gostaria de participar do curso da nova Acr√≥pole, j√° falei com voc√™s j√° algum tempo atr√°s, e a informa√ß√£o foi que voc√™s s√≥ tinham cursos presenciais.	85	cursos	nova,cursos,gostaria
Foi por esse link que entrei no curso da suposta Nova Acropole	85	cursos	nova,cursos,gostaria
Ol√°!boa tarde gostaria de saber os cursos presenciais na nova Acr√≥pole do sudoeste	85	cursos	nova,cursos,gostaria
Quando pesquisei sobre cursos da Nova Acr√≥pole, apareceu uma p√°gina que oferecia curso virtual, pr√≥ximo ao Linck da p√°gina da sede de Porto Alegre e me precipitei achando que era de voc√™s. Na verdade √© um curso oferecido na p√°gina www.portaldocurso.com.br, sem v√≠nculo com voc√™s.	85	cursos	nova,cursos,gostaria
Gostaria de saber sobre o curso inicial na unidade do Sudoeste 	85	cursos	nova,cursos,gostaria
Ol√°! Boa tarde! Sou Adhemar e gostaria de saber se a Nova Acr√≥pole n√£o possui cursos on-line. Muito Obrigado. Abra√ßos.	85	cursos	nova,cursos,gostaria
Quero pagar a anuidade para assistir acropole play.	86	acr√≥pole	play,qu√™,acr√≥pole
‚ÄúToda neutralidade afirmada, √© uma op√ß√£o escolhida‚Äù 	86	acr√≥pole	play,qu√™,acr√≥pole
O qu√™ √© acr√≥pole play?	86	acr√≥pole	play,qu√™,acr√≥pole
O qu√™ √© acr√≥pole play, o streaming??	86	acr√≥pole	play,qu√™,acr√≥pole
https://instagram.com/neosoundgravacoes	87	https	https,link,atrav√©s
Entre em Atrav√©s do Link https://wa.me/558596545161	87	https	https,link,atrav√©s
https://br.pinterest.com/pin/61783826126737231#imgViewer	87	https	https,link,atrav√©s
H√°, quero aproveitar e te informar que seu site o https://acropoleplay.com, est√° com alzheimer üòÖ	87	https	https,link,atrav√©s
https://www.google.com/url?sa=t&source=web&rct=j&url=https://m.youtube.com/watch%3Fv%3DxaHfJ6Fdx5U&ved=2ahUKEwjk2J35gYzzAhVKq5UCHWgrBFYQxa8BegQIDBAF&usg=AOvVaw1AQnxjB30IFx9AAnS2KViO	87	https	https,link,atrav√©s
Link: https://diamantesgratis2021.online/freefire2021/	87	https	https,link,atrav√©s
Curso cl√°ssico de sabedoria Indiana	88	indiana	indiana,sabedoria,curso
Classicos da literatura indiana	88	indiana	indiana,sabedoria,curso
Ola, gostaria de uma informacao. Quanto tempo de video tem Os Classicos da Sabedoria Indiana?	88	indiana	indiana,sabedoria,curso
Gostaria de informa√ßoes sobre o curso sobre sabedoria indiana.	88	indiana	indiana,sabedoria,curso
Instituto Bodhidarma	88	indiana	indiana,sabedoria,curso
Cl√°ssicos da sabedoria indiana,  com a professora L√∫cia Helena.	88	indiana	indiana,sabedoria,curso
Cl√°ssicos da Literatura Indiana	88	indiana	indiana,sabedoria,curso
o Curso Cl√°ssicos da Sabedoria Indiana.	88	indiana	indiana,sabedoria,curso
nesse curso da o r8fa Lucia Cl√°ssicos da Sab Indiana	88	indiana	indiana,sabedoria,curso
J√° tenho o Ramaiana e o Mahabarata pelo consulado da √çndia. Ser√£o aulas diferentes dessas que j√° tenho? Obrigada!	89	mahabarata	mahabarata,filme,nesse
nesse curso explicar√° detalhes do filme Mahabarata?	89	mahabarata	mahabarata,filme,nesse
j√° assisti muitas vezes o filme Mahabarata mas continuo com muuuitas d√∫vidas.... nesse curso vai explicar esse filme ou livro? 	89	mahabarata	mahabarata,filme,nesse
Supera√ß√£o de limites......üïäÔ∏è...............	90	limites	limites,livro,gostaria
Eu sinto que posso desafiar as coisas sem morrer, tal qual me falou	90	limites	limites,livro,gostaria
Se poss√≠vel gostaria de comprar o livro ( √≠tem 13 da sua mensagem)	90	limites	limites,livro,gostaria
Gostaria de obter o livro *Como superar os limites internos*	90	limites	limites,livro,gostaria
Qual o valor do livro como superar nossos limites?	90	limites	limites,livro,gostaria
Eu gostaria de adquirir o livro como superar seus limites internos	90	limites	limites,livro,gostaria
A *antiga Friboi, do *grupo JBS,* passa a se chamar *JBS Foods International.*	91	jbs	jbs,antiga,friboi
*Joesley Batista*	91	jbs	jbs,antiga,friboi
Fl√°vio Albuquerque	91	jbs	jbs,antiga,friboi
Jo√£o BV Padilha	91	jbs	jbs,antiga,friboi
Pr√≥ximo de Taubat√© e S√£o Jos√© dos Campos	91	jbs	jbs,antiga,friboi
ObrigadoJunior Be√©fierriCia Atores de Mar'Whatsapp (21) 964584532	92	cruz	natani,cruz,obrigadojunior
Partilhar meu livro com a L√∫cia Helena para eventual escrita de pref√°cio. Escrevi na mensagem üëÜüëÜüôèüòèüòè	92	cruz	natani,cruz,obrigadojunior
Contato com Natani Cruz	92	cruz	natani,cruz,obrigadojunior
Repassar msg enviada para professora Natani Cruz	92	cruz	natani,cruz,obrigadojunior
Uma amiga me enviou	92	cruz	natani,cruz,obrigadojunior
Ol√°! Gostaria de saber o valor do curso introdut√≥rio	93	cursos	sobre,informa√ß√µes,gostaria
Eu vou querer saber sobre os seguintes cursos:	93	cursos	sobre,informa√ß√µes,gostaria
Informac√µes sobre cursos	93	cursos	sobre,informa√ß√µes,gostaria
Gostaria de informa√ß√µes sobre curso on LINE.	93	cursos	sobre,informa√ß√µes,gostaria
Ol√°! Boa noite.  üò¨ gostaria de mais informa√ß√µes sobre os cursos de voc√™s e o voluntariado	93	cursos	sobre,informa√ß√µes,gostaria
Gostaria de saber datas üìÖ dos cursos e valores...me interessei...sou iniciante nesta √°rea...j√° graduado	93	cursos	sobre,informa√ß√µes,gostaria
Estou interessada, recebi uma propaganda mas perdi o link	93	cursos	sobre,informa√ß√µes,gostaria
Quero mais informa√ß√µes sobre o curso,  que esta preste a iniciar?	93	cursos	sobre,informa√ß√µes,gostaria
Informa√ß√µes sobre o curso?	93	cursos	sobre,informa√ß√µes,gostaria
Ol√° gostaria de saber sobre as reuni√µes	93	cursos	sobre,informa√ß√µes,gostaria
Quero tirar umas d√∫vidas sobre este curso: https://youtu.be/1gjCIf3vmDg	93	cursos	sobre,informa√ß√µes,gostaria
Ol√°! Helena desejo saber sobre a exist√™ncia de cursos na grande sp	93	cursos	sobre,informa√ß√µes,gostaria
Pfavor me passem mais informa√ß√µes sobre o curso aqui em Florian√≥polis	93	cursos	sobre,informa√ß√µes,gostaria
Gostaria de informa√ß√£o sobre o programa merlim	93	cursos	sobre,informa√ß√µes,gostaria
Gostaria de informa√ß√µes sobre o curso	93	cursos	sobre,informa√ß√µes,gostaria
Ol√° ! Poderia me passar informa√ß√µes dos cursos que aferecem?	93	cursos	sobre,informa√ß√µes,gostaria
Gostaria de ter mais informa√ß√µes sobre os cursos	93	cursos	sobre,informa√ß√µes,gostaria
Grata pelas informa√ß√µes üôè	93	cursos	sobre,informa√ß√µes,gostaria
Gostaria de saber	94	perguntas	gostaria,saber,desculpa
Desculpa v√°rias perguntas...	94	perguntas	gostaria,saber,desculpa
Coloquei a pergunta acima.	94	perguntas	gostaria,saber,desculpa
Gostaria de esclarecer uma d√∫vida.	94	perguntas	gostaria,saber,desculpa
Estou confusoü§è	94	perguntas	gostaria,saber,desculpa
Gostaria de tirar algumas d√∫vidas	94	perguntas	gostaria,saber,desculpa
E gostaria de saber o que fazer	94	perguntas	gostaria,saber,desculpa
Ningu√©m liga.	95	ningu√©m	ningu√©m,consegui,liga
Embora eu n√£o consegui contato com a sede  Tijuca nem por celular ...	95	ningu√©m	ningu√©m,consegui,liga
N√£o consegui falar com ningu√©m em Taguatinga. Os telefones n√£o atendem e nem responde	95	ningu√©m	ningu√©m,consegui,liga
Corpos herm√©ticos 	96	corpos	corpos,herm√©ticos
 Corpos herm√©ticos 	96	corpos	corpos,herm√©ticos
Aguardo informa√ß√µes e agrade√ßo desde j√° a aten√ß√£o.	97	obrigada	obrigada,aguardo,desde
Comprei  no link que voc√™ enviou. Vai chegar nesta sexta-feira. Obrigada	97	obrigada	obrigada,aguardo,desde
Muito obrigado Simpl√≠cia, aguardo o contato.	97	obrigada	obrigada,aguardo,desde
Desde de j√°, muito obrigada pela aten√ß√£o!	97	obrigada	obrigada,aguardo,desde
Projecto muito interessante. Obrigada pela partilha. 	97	obrigada	obrigada,aguardo,desde
Fabio	98	plotino	plotino,fabio,platino
Platino	98	plotino	plotino,fabio,platino
Plotino ( mostrados durante  a live!)	98	plotino	plotino,fabio,platino
Plotino	98	plotino	plotino,fabio,platino
Portugal	98	plotino	plotino,fabio,platino
Gostaria de informa√ß√µes sobre projetos social e Voluntariado em Acr√≥pole.Quero fazer um trabalho volunt√°rio	99	participar	gostaria,ol√°,projetos
Ol√°! gostei muito da proposta de vcs, moro em Curitiba e gostaria de come√ßar a participar dos cursos, atividades e trabalho volunt√°rio	99	participar	gostaria,ol√°,projetos
Aguardamos orienta√ß√µes para iniciarmos as tratativas, na esperan√ßa de firmarmos a parceira.	99	participar	gostaria,ol√°,projetos
Gostar√≠amos de saber se j√° est√£o recebendo projetos para avalia√ß√£o.¬†Caso positivo, como devemos proceder?	99	participar	gostaria,ol√°,projetos
Todas as cidades onde os projetos ser√£o realizados ser√£o definidas em comum acordo com o patrocinador.	99	participar	gostaria,ol√°,projetos
Ol√°! Boa noite!! Como proceder para fazer parte como  volunt√°ria aluno ou professor???	99	participar	gostaria,ol√°,projetos
Ol√°!, como fa√ßo para me volunt√°riar?	99	participar	gostaria,ol√°,projetos
Pe√ßo desculpa pela associa√ß√£o indevida.	99	participar	gostaria,ol√°,projetos
Ol√°!gostaria de saber como participar do projeto de voluntariado de voc√™s	99	participar	gostaria,ol√°,projetos
gostaria de saber como participar presencialmente dos curso e deste lindo projeto!	99	participar	gostaria,ol√°,projetos
Gostaria de participar dos cursos da Prof. L√∫cia Helena Galv√£o.	100	helena	helena,l√∫cia,galv√£o
Curr√≠culo da Professora L√∫cia Helena Galv√£o	100	helena	helena,l√∫cia,galv√£o
Quero votar na professora Lucia Helena Galv√£o.	100	helena	helena,l√∫cia,galv√£o
Como votar na L√∫cia Helena?	100	helena	helena,l√∫cia,galv√£o
Vota√ß√£o para L√∫cia Helena	100	helena	helena,l√∫cia,galv√£o
N√£o consigo fazer l√≥gica para confirmar meu voto na prof Lucia Helena.	100	helena	helena,l√∫cia,galv√£o
Foi um prazer votar na Professora,boa sorte,um abra√ßo tudo de bom	100	helena	helena,l√∫cia,galv√£o
Ol√°! Gostaria de votar  para a Prof Lucia Helena Galv√£o	100	helena	helena,l√∫cia,galv√£o
Gratid√£o Professora L√∫cia Helena Galv√£o por tudo que seu trabalho tem feito por mim e por tantos outros.	100	helena	helena,l√∫cia,galv√£o
Para entender o caibalion.	101	m√©todo	entender,quero,pouco
Existe alguma atividade pra me ajudar a entender?	101	m√©todo	entender,quero,pouco
Quero entender um pouco mais sobre o m√©todo	101	m√©todo	entender,quero,pouco
Quero entender um pouco mais sobre o m√©todo	101	m√©todo	entender,quero,pouco
Vi que abrem turmas periodicamente e estou interessada, se poss√≠vel (e, neste momento) ,  no curso online.  	102	curso	curso,online,pago
O curso √© pago, presencial, online, segue uma sequ√™ncia? Quero entender mais um pouco sobre o m√©todo.	102	curso	curso,online,pago
O curso √© pago, presencial, online, segue uma sequ√™ncia? Quero entender mais um pouco sobre o m√©todo.	102	curso	curso,online,pago
Precisa de diamantes para comprar aquela roupa no Free Fire e impressionar geral?	103	diamantes	diamantes,free,fire
Acesse o site e ganhe gratuitamente e em nossos sorteios.	103	diamantes	diamantes,free,fire
Fazemos sorteios de Diamantes Free Fire todas as Quintas as 19h!Participe e n√£o fique de foraüî•‚≠ï	103	diamantes	diamantes,free,fire
Curso de filosofia e maneira cl√°ssica	104	filosofia	filosofia,curso,crian√ßas
Estava assistindo uma aula da L√∫cia Helena ela falou da escola que tem crian√ßas fazendo filosofia	104	filosofia	filosofia,curso,crian√ßas
Curso de filosofia para adolescentes	104	filosofia	filosofia,curso,crian√ßas
Artes Marciais Filos√≥fica- BODHIDHARMA	104	filosofia	filosofia,curso,crian√ßas
Hor√°rios do curso de filosofia	104	filosofia	filosofia,curso,crian√ßas
Hor√°rio das aulas do curso de filosofia	104	filosofia	filosofia,curso,crian√ßas
Grupo de debate filosofico	104	filosofia	filosofia,curso,crian√ßas
Ol√°! Gostaria de saber se voc√™s tem livros de filosofia para crian√ßas.	104	filosofia	filosofia,curso,crian√ßas
Inscri√ß√£o curso Filosofia	104	filosofia	filosofia,curso,crian√ßas
Escola de filosofia para crian√ßas	104	filosofia	filosofia,curso,crian√ßas
Curso de filosofia para crian√ßas	104	filosofia	filosofia,curso,crian√ßas
Receber link filosofia do oriente para ocidentais	104	filosofia	filosofia,curso,crian√ßas
Para crian√ßas de 4 e 5 anos	104	filosofia	filosofia,curso,crian√ßas
11:33	105	xau	c√≥rrego,gr√£nde,floripa
üò°üò°üò°üò°üò°üò°üò°üò°üò°üò°üò°üò°üò°	105	xau	c√≥rrego,gr√£nde,floripa
üò¢üò¢üò¢üò¢üáßüá∑üáßüá∑üáßüá∑üáßüá∑üáßüá∑üò¢üò¢üò¢	105	xau	c√≥rrego,gr√£nde,floripa
üòäüòäüòä	105	xau	c√≥rrego,gr√£nde,floripa
‚ú®üôèüèªüôèüèªüôèüèª‚ú®	105	xau	c√≥rrego,gr√£nde,floripa
üòúüëç	105	xau	c√≥rrego,gr√£nde,floripa
üëè	105	xau	c√≥rrego,gr√£nde,floripa
üòû	105	xau	c√≥rrego,gr√£nde,floripa
C√≥rrego Gr√£nde floripa	105	xau	c√≥rrego,gr√£nde,floripa
Xau	105	xau	c√≥rrego,gr√£nde,floripa
ü•∞	105	xau	c√≥rrego,gr√£nde,floripa
ü§®	105	xau	c√≥rrego,gr√£nde,floripa
Caibalion	105	xau	c√≥rrego,gr√£nde,floripa
Falo de Sp	105	xau	c√≥rrego,gr√£nde,floripa
obigada	105	xau	c√≥rrego,gr√£nde,floripa
ü•∞	105	xau	c√≥rrego,gr√£nde,floripa
üôèüôèüôè	105	xau	c√≥rrego,gr√£nde,floripa
‚úåÔ∏èü•∞	105	xau	c√≥rrego,gr√£nde,floripa
aracaujo	105	xau	c√≥rrego,gr√£nde,floripa
üòä	105	xau	c√≥rrego,gr√£nde,floripa
‚ú®‚ú®‚ú®	105	xau	c√≥rrego,gr√£nde,floripa
Mandei erradoüôè	105	xau	c√≥rrego,gr√£nde,floripa
üôèüçπ	105	xau	c√≥rrego,gr√£nde,floripa
üëèüèΩ	105	xau	c√≥rrego,gr√£nde,floripa
üëèüèºüëèüèº	105	xau	c√≥rrego,gr√£nde,floripa
üîùüëèüèæüëèüèæüí™üèΩüí°	105	xau	c√≥rrego,gr√£nde,floripa
obr rigada	105	xau	c√≥rrego,gr√£nde,floripa
California- USA üá∫üá∏	105	xau	c√≥rrego,gr√£nde,floripa
üôèüôèüòÅ‚öò	105	xau	c√≥rrego,gr√£nde,floripa
üôèüéºüå∑‚ù§Ô∏è	105	xau	c√≥rrego,gr√£nde,floripa
üôèü§úü§õüôè	105	xau	c√≥rrego,gr√£nde,floripa
üôè	105	xau	c√≥rrego,gr√£nde,floripa
Mola	105	xau	c√≥rrego,gr√£nde,floripa
A plastica da professora me deixou muito confusa. Estou estranhando muito esta nova apar√™ncia e me pergunto at√© onde a mat√©ria fez mais sentido do que o espiritual para ela. N√£o √© a mesma. Nem mesmo o jeito de se expressar e o mesmo.	106	professora	l√∫cia,helena,gostaria
Gostaria,  de conversar  com algu√©m para tirar minhas duvidas.	106	professora	l√∫cia,helena,gostaria
Seria sobre Palestra com a Professora L√∫cia Helena	106	professora	l√∫cia,helena,gostaria
Temos interesse em saber sobre palestras com a Dra L√∫cia Helena, pode nos passar mais informa√ß√µes?	106	professora	l√∫cia,helena,gostaria
Ola Gostaria de saber se podemos falar com Sra L√∫cia Helena Galv√£o sobre palestra	106	professora	l√∫cia,helena,gostaria
Sou Juliana e temos interesse em contratar uma palestra com a Professora Lucia Helena	106	professora	l√∫cia,helena,gostaria
Gostaria de poder conversar com a prof L√∫cia Helena. Sou de Bras√≠lia tbm, me considero um fil√≥sofo genu√≠no. Se lhe* parecer interessante s√≥ responder aqui. Ficarei muito feliz. 	106	professora	l√∫cia,helena,gostaria
*O lhe se refere a prof.	106	professora	l√∫cia,helena,gostaria
Ap√≥s anos de reflex√£o e a ajuda desse curso somadas √†s palestras da Prof. L√∫cia Helena comecei a escrever um livro e gostaria de poder conversar com a Prof. L√∫cia.	106	professora	l√∫cia,helena,gostaria
Ap√≥s anos de reflex√£o e a ajuda desse curso somadas √†s palestras da Prof. L√∫cia Helena comecei a escrever um livro e gostaria de poder conversar com a Prof. L√∫cia.	106	professora	l√∫cia,helena,gostaria
Eu quero o numero de telefone da Prof. L√∫cia Helena.	106	professora	l√∫cia,helena,gostaria
Ol√°.  Eu gostaria de conhece-los pessoalmente. 	106	professora	l√∫cia,helena,gostaria
J√° sou aluna da professora ,tem algum desconto ?	106	professora	l√∫cia,helena,gostaria
Eu gostaria de conversar, se poss√≠vel com a professora L√∫cia Helena....	106	professora	l√∫cia,helena,gostaria
Gostaria de conversar com L√∫cia Helena Galv√£o de Nova, acerca das M√°ximas de Ptahhotep.	106	professora	l√∫cia,helena,gostaria
Entrei no site para votar mas fiquei presa no CPF	107	vota√ß√£o	votar,vota√ß√£o,ibest
Mesmo assim me cadastrei e votei em voces.	107	vota√ß√£o	votar,vota√ß√£o,ibest
Vamos Subir De N√≠vel‚ùì	107	vota√ß√£o	votar,vota√ß√£o,ibest
Resultado da vota√ß√£o do iBest	107	vota√ß√£o	votar,vota√ß√£o,ibest
A vota√ß√£o do I best ainda est√°  valendo?	107	vota√ß√£o	votar,vota√ß√£o,ibest
Como votar top 3	107	vota√ß√£o	votar,vota√ß√£o,ibest
Eu quero saber o que fazer para votar na professora para o iBest	107	vota√ß√£o	votar,vota√ß√£o,ibest
Ol√°! Gostaria de dar meu voto para pr√™mio iBest. Link?	107	vota√ß√£o	votar,vota√ß√£o,ibest
Estou tentando votar mas est√° muito dif√≠cil... Voc√™s t√™m outro link para a vota√ß√£o?	107	vota√ß√£o	votar,vota√ß√£o,ibest
Comprovante_24-09-2021_174152.png	108	votar	votar,fa,√ßo
Votar	108	votar	votar,fa,√ßo
como fa √ßo p votar?	108	votar	votar,fa,√ßo
N√£o consigo votar.	108	votar	votar,fa,√ßo
Vota√ß√£o	108	votar	votar,fa,√ßo
Ol√°! Boa tarde.  Est√° come√ßando curso presencial aqui em Fortaleza? Qual a  tem√°tica em quais dias e hor√°rio? Qual o valor do investimento?	109	cursos	ol√°,saber,cursos
Ol√°...quando teremos novas turmas presenciais em SP?	109	cursos	ol√°,saber,cursos
Ol√°! vcs tem algum evento presencial, para esse mes	109	cursos	ol√°,saber,cursos
Queria saber quando tera cursos iniciantes com L√∫cia Helena ?	109	cursos	ol√°,saber,cursos
Ol√°! Qual dia e hora da live corpus hermeticus	109	cursos	ol√°,saber,cursos
Gostaria de saber quando comecara novamente os cursos presenciais obrigado	109	cursos	ol√°,saber,cursos
Ao final do curso se o aluno recebe alguma certifica√ß√£o;	109	cursos	ol√°,saber,cursos
Gostaria de  saber qual a sede mais pr√≥xima?  Tenho muito interesse nos cursos presenciais.	109	cursos	ol√°,saber,cursos
Essa aula √© aberta ao p√∫blico ou s√≥ pra quem vai iniciar o curso ?	109	cursos	ol√°,saber,cursos
Ol√°! quando ter√° cursos em sp? Obrigado! Boa semana	109	cursos	ol√°,saber,cursos
Ol√°!oi helena gostaria de saber quando iniciarao novos cursos presenciais	109	cursos	ol√°,saber,cursos
Gostaria de saber se est√° confirmado o in√≠cio do curso agora em setembro.	109	cursos	ol√°,saber,cursos
Ol√°! Quero fazer o curso. Sou de Belo Horizonte.	110	cursos	curso,fazer,ol√°
Estou interessada em cursos online	110	cursos	curso,fazer,ol√°
Eu quero fazer 3 cursos pode ser	110	cursos	curso,fazer,ol√°
Ol√°!quero fazer o curso	110	cursos	curso,fazer,ol√°
Ol√°! Boa noite! Gostaria de me inscrever no curso presencial na unidade do Lago  Nortr	110	cursos	curso,fazer,ol√°
Ol√°!o que √© necess√°rio para entrar em algum curso?	110	cursos	curso,fazer,ol√°
Eu ja paguei o curso, quero a confirmacao de vcs	110	cursos	curso,fazer,ol√°
Eu queria fazer um curso com voc√™s!	110	cursos	curso,fazer,ol√°
Ol√°! Curioso para conhecer, ansioso para fazer.	110	cursos	curso,fazer,ol√°
Gostaria de me inscrever no curso que ir√° acontecer no dia 27/09	110	cursos	curso,fazer,ol√°
Eu comprei o seu curso e estou gostando muito, ali√°s, parab√©ns ü§ó	110	cursos	curso,fazer,ol√°
Qualquer pessoa pode fazer esse curso ..	110	cursos	curso,fazer,ol√°
Quem pode fazer o curso	110	cursos	curso,fazer,ol√°
Gostaria de fazer o curso	110	cursos	curso,fazer,ol√°
Ol√°! Gostaria de me inscrever nos cursos . Como fa√ßo ?	110	cursos	curso,fazer,ol√°
Ol√°!gostaria muito de fazer o curso	110	cursos	curso,fazer,ol√°
Tenho interesse em cursos e palestras	110	cursos	curso,fazer,ol√°
Ol√°! Gostaria de saber sobre cursos em SP	110	cursos	curso,fazer,ol√°
Cidade do Recife- Pe	111	endere√ßo	endere√ßo,fortaleza,cidade
Qual seu endere√ßo aqui na regi√£o norte?	111	endere√ßo	endere√ßo,fortaleza,cidade
Endere√ßo do local do curso;	111	endere√ßo	endere√ßo,fortaleza,cidade
Sede em Sergipe	111	endere√ßo	endere√ßo,fortaleza,cidade
Ol√°! Parab√©ns pela iniciativa. H√° NA em Fortaleza?	111	endere√ßo	endere√ßo,fortaleza,cidade
Endere√ßo em Fortaleza	111	endere√ßo	endere√ßo,fortaleza,cidade
Endere√ßo da Nova Acropole em Fortaleza	111	endere√ßo	endere√ßo,fortaleza,cidade
Como eu disse. Fiz a inscri√ß√£o  p o curso classicos da sabeforia indiana. Paguei e nao sei o que aconteceu.	112	boleto	curso,ol√°,fa√ßo
Ol√°, boa tarde. Fiz minha matr√≠cula no curso Filosofia √† Maneira Cl√°ssica no final de agosto, mas n√£o recebi os boletos para continuar pagando. O que devo fazer?	112	boleto	curso,ol√°,fa√ßo
Ol√°! Eu sou aluna do curso de Filosofia a Maneira Cl√°ssica. Contudo, eu tive o meu hor√°rio de trabalho alterado de n√£o vou conseguir prosseguir com o curso. Como fa√ßo para trancar a matr√≠cula ou cancelar o contrato?	112	boleto	curso,ol√°,fa√ßo
Estou com problema na hora de pagar o curso, como fa√ßo?	112	boleto	curso,ol√°,fa√ßo
Quero comprar o ingresso para a pe√ßa de hoje mas s√≥ posso pagar com PIX...Pode ser?	112	boleto	curso,ol√°,fa√ßo
Ol√°! Bom dia fiz minha pr√© inscri√ß√£o para curso que vai iniciar em novembro em Fortaleza mas n√£o estou conseguindo fazer pagamento	112	boleto	curso,ol√°,fa√ßo
Ol√°! Preenchi todo o cadastro para o curso, selecionei a op√ß√£o boleto para pagto semestral e n√£o consigo gerar ou localizar o boleto... Como fa√ßo?	112	boleto	curso,ol√°,fa√ßo
Ol√°! Preenchi todo o cadastro para o curso, selecionei a op√ß√£o boleto para pagto semestral e n√£o consigo gerar ou localizar o boleto... Como fa√ßo?	112	boleto	curso,ol√°,fa√ßo
Entrei para participar da promo√ß√£o dos ingressos e n√£o estava habilitado, pode ajudar? Boa tarde!üåª	112	boleto	curso,ol√°,fa√ßo
Como posso obter um ingresso para a palestra de amanh√£ ?	112	boleto	curso,ol√°,fa√ßo
Informa√ß√µes sobre Volunt√°riado Nova Acr√≥pole quero fazer trabalho volunt√°rio	113	nova	nova,acr√≥pole,ol√°
Interessei-me ao ouvir alguns estudos de livros com o grupo de Bras√≠lia. 	113	nova	nova,acr√≥pole,ol√°
Outra informa√ß√£o √© sobre custo para filia√ß√£o da Nova Acropole. 	113	nova	nova,acr√≥pole,ol√°
Gostaria de conhecer mais a nova acr√≥pole, j√° tenho visto v√≠deo sobre mas n√£o entendi perfeitamente.	113	nova	nova,acr√≥pole,ol√°
Eu fiz a assinatura na nova Acr√≥pole por um ano, mas n√£o sei como ter acesso ao APP.	113	nova	nova,acr√≥pole,ol√°
Ol√°. Meu nome √© Melissa Deleen e moro em New Jersey, EUA h√° 20 anos. Gostaria muito de saber como abrir um branch da Nova Acropole fora do Brasil. Quais s√£o os requisitos?	113	nova	nova,acr√≥pole,ol√°
Gostaria de conhecer Nova Acr√≥pole; ficar por dentro das not√≠cias; cursos em Belo Horizonte;  projetos sociais; voluntariado em Nova Acr√≥pole- B.H.; livro:  Como superar os limites internos.	113	nova	nova,acr√≥pole,ol√°
Ol√°! Queria felicitar a Nova Acr√≥pole pelo Projeto Crian√ßa para o Bem.	113	nova	nova,acr√≥pole,ol√°
Ol√°! Bom dia. Sou Neide, moro em Presidente Prudente/SP. Estou visitando minha filha e genro aqui em BSB/ 407 sul. Gostaria de visitar a escola mais pr√≥xima (?), mas creio que est√£o fechadas. Assisto as lives. Espero na pr√≥xima visita, conhec√™-los ao vivo. NOVA ACR√ìPOLE faz um trabalho magn√≠fico, amo voc√™s. Desejo que Deus os aben√ßoe. Obrigada. neideps@yahoo.com.br	113	nova	nova,acr√≥pole,ol√°
Eu amo a nova cropolis	113	nova	nova,acr√≥pole,ol√°
Ol√°! Boa noite. Eu sou assinante da Acr√≥pole Play. Por√©m n√£o estou mais conseguindo entrar.	113	nova	nova,acr√≥pole,ol√°
Ol√°! Bom dia! Desejo informa√ß√µes sobre o funcionamento da Nova Acr√≥pole em Belo Horizonte por favor. Obrigada	113	nova	nova,acr√≥pole,ol√°
Quero me inscrever na palestra sobre mito romano	113	nova	nova,acr√≥pole,ol√°
Ol√°! Eu me inscrevi na Nova Acr√≥pole e n√£o estou sabendo usufruir das vantagens inerentes a inscri√ß√£o. Verifique por favor est√° inscri√ß√£o. Parece que tinha um c√≥digo. Tenho muita dificuldade com tecnologia. Antecipadamente grato.	113	nova	nova,acr√≥pole,ol√°
Ol√°! Gostaria de estudar na Nova Acr√≥pole.  	113	nova	nova,acr√≥pole,ol√°
Gostaria de participar da nova acr√≥pole de vit√≥ria (ES)	113	nova	nova,acr√≥pole,ol√°
Ol√°! Tudo bom? Meu nome √© Bruno Wilk, sou de SP capital, regi√£o de Perdizes, e estou interessado em fazer parte de algum curso na Nova Acr√≥pole.	113	nova	nova,acr√≥pole,ol√°
Como s√≥ d√° pra mandar de um a um estou copiando e colando. COMPARTILHEM COM VONTADE PRINCIPALMENTE SE VOC√ä √â APOSENTADO OU VOC√ä QUE QUER SE APOSENTAR.	114	fa√ßo	fazer,fa√ßo,d√°
Como posso fazer	114	fa√ßo	fazer,fa√ßo,d√°
Ol√°!como fa√ßo para participar?	114	fa√ßo	fazer,fa√ßo,d√°
Como devo proceder ?	114	fa√ßo	fazer,fa√ßo,d√°
Por onde come√ßar?	114	fa√ßo	fazer,fa√ßo,d√°
Dividem em 7 vezes ok ?	114	fa√ßo	fazer,fa√ßo,d√°
Como fa√ßo para fazer parte?	114	fa√ßo	fazer,fa√ßo,d√°
ABC	115	q	kk,abc,att
Kk	115	q	kk,abc,att
Att.,	115	q	kk,abc,att
Att, 	115	q	kk,abc,att
Denis	115	q	kk,abc,att
Voc√™	115	q	kk,abc,att
Q	115	q	kk,abc,att
One	115	q	kk,abc,att
Fazer	115	q	kk,abc,att
Obgd	115	q	kk,abc,att
Carlos	115	q	kk,abc,att
Kk	115	q	kk,abc,att
Digo	115	q	kk,abc,att
Tks	115	q	kk,abc,att
Grupo	115	q	kk,abc,att
Y	115	q	kk,abc,att
Ta	115	q	kk,abc,att
Ainda posso me matricular?	116	matricular	matricular,fa√ßo,ainda
Gostaria de saber como me certifico da inscri√ß√£o para o curso.	116	matricular	matricular,fa√ßo,ainda
Como faz para estudar?	116	matricular	matricular,fa√ßo,ainda
como fa√ßo para marca a consulta pelo site	116	matricular	matricular,fa√ßo,ainda
Como fa√ßo pra me matricular? 	116	matricular	matricular,fa√ßo,ainda
Olaa tudo bem? Qual o insta do nova acropole SP?	117	nova	nova,acr√≥pole,cidade
Como funciona o processo de abertura de polo-sede nova acr√≥pole?	117	nova	nova,acr√≥pole,cidade
Tem nova acr√≥pole na regi√£o norte?	117	nova	nova,acr√≥pole,cidade
Qual a cidade mais pr√≥xima q vcs est√£o?	117	nova	nova,acr√≥pole,cidade
Eu gostaria de saber onde fica a Nova Acr√≥pole mais perto da cidade de Cascavel no Paran√°	117	nova	nova,acr√≥pole,cidade
Onde fica a Nova Acr√≥pole mais pr√≥xima de Cascavel?	117	nova	nova,acr√≥pole,cidade
